MSZoning,Utilities,LotConfig,LandSlope,ExterCond,Heating,PoolQC,MiscFeature,TotalBsmtSF,1stFlrSF,GrLivArea,FullBath,TotRmsAbvGrd,Fireplaces,GarageCars,GarageArea,SalePrice,OverallCond,OverallQual
0,0,0,0,0,0,0,0,856,856,1710,2,8,0,2,548,208500,5,7
0,0,1,0,0,0,0,0,1262,1262,1262,2,6,1,2,460,181500,8,6
0,0,0,0,0,0,0,0,920,920,1786,2,6,1,2,608,223500,5,7
0,0,2,0,0,0,0,0,756,961,1717,1,7,1,3,642,140000,5,7
0,0,1,0,0,0,0,0,1145,1145,2198,2,9,1,3,836,250000,5,8
0,0,0,0,0,0,0,1,796,796,1362,1,5,0,2,480,143000,5,5
0,0,0,0,0,0,0,0,1686,1694,1694,2,7,1,2,636,307000,5,8
0,0,2,0,0,0,0,1,1107,1107,2090,2,7,2,2,484,200000,6,7
1,0,0,0,0,0,0,0,952,1022,1774,2,8,2,2,468,129900,5,7
0,0,2,0,0,0,0,0,991,1077,1077,1,5,2,1,205,118000,6,5
0,0,0,0,0,0,0,0,1040,1040,1040,1,5,0,1,384,129500,5,5
0,0,0,0,0,0,0,0,1175,1182,2324,3,11,2,3,736,345000,5,9
0,0,0,0,0,0,0,0,912,912,912,1,4,0,1,352,144000,6,5
0,0,0,0,0,0,0,0,1494,1494,1494,2,7,1,3,840,279500,5,7
0,0,2,0,0,0,0,0,1253,1253,1253,1,5,1,1,352,157000,5,6
1,0,2,0,0,0,0,0,832,854,854,1,5,0,2,576,132000,8,7
0,0,3,0,0,0,0,1,1004,1004,1004,1,5,1,2,480,149000,7,6
0,0,0,0,0,0,0,1,0,1296,1296,2,6,0,2,516,90000,5,4
0,0,0,0,0,0,0,0,1114,1114,1114,1,6,0,2,576,159000,5,5
0,0,0,0,0,0,0,0,1029,1339,1339,1,6,0,1,294,139000,6,5
0,0,2,0,0,0,0,0,1158,1158,2376,3,9,1,3,853,325300,5,8
1,0,0,0,0,0,0,0,637,1108,1108,1,6,1,1,280,139400,7,7
0,0,0,0,0,0,0,0,1777,1795,1795,2,7,1,2,534,230000,5,8
1,0,0,0,0,0,0,0,1040,1060,1060,1,6,1,2,572,129900,7,5
0,0,0,0,1,0,0,0,1060,1060,1060,1,6,1,1,270,154000,8,5
0,0,2,0,0,0,0,0,1566,1600,1600,2,7,1,3,890,256300,5,8
0,0,2,0,0,0,0,0,900,900,900,1,5,0,2,576,134800,7,5
0,0,0,0,0,0,0,0,1704,1704,1704,2,7,1,3,772,306000,5,8
0,0,3,0,0,0,0,0,1484,1600,1600,1,6,2,1,319,207500,6,5
1,0,0,0,0,0,0,0,520,520,520,1,4,0,1,240,68500,6,4
2,0,0,0,2,0,0,0,649,649,1317,1,6,0,1,250,40000,4,4
0,0,3,0,0,0,0,0,1228,1228,1228,1,6,0,1,271,149350,6,5
0,0,2,0,0,0,0,0,1234,1234,1234,2,7,0,2,484,179900,5,8
0,0,0,0,0,0,0,0,1398,1700,1700,1,6,1,2,447,165500,5,5
0,0,0,0,0,0,0,0,1561,1561,1561,2,6,1,2,556,277500,5,9
0,0,0,0,0,0,0,0,1117,1132,2452,3,9,1,3,691,309000,5,8
0,0,2,0,0,0,0,0,1097,1097,1097,1,6,0,2,672,145000,5,5
0,0,0,0,0,0,0,0,1297,1297,1297,1,5,1,2,498,153000,6,5
0,0,0,0,1,0,0,0,1057,1057,1057,1,5,0,1,246,109000,7,5
0,0,0,0,0,0,0,0,0,1152,1152,2,6,0,0,0,82000,5,4
0,0,0,0,0,0,0,0,1088,1324,1324,2,6,1,2,440,160000,5,6
0,0,0,0,1,0,0,0,1350,1328,1328,1,5,2,1,308,170000,6,5
0,0,3,0,0,0,0,0,840,884,884,1,5,0,2,504,144000,7,5
0,0,3,0,0,0,0,0,938,938,938,1,5,0,1,308,130250,6,5
0,0,0,0,0,0,0,0,1150,1150,1150,1,6,0,1,300,141000,6,5
0,0,0,0,0,0,0,0,1752,1752,1752,2,6,1,2,576,319900,5,9
0,0,3,0,0,0,0,0,1434,1518,2149,1,6,1,2,670,239686,5,7
3,0,0,0,0,0,0,0,1656,1656,1656,2,7,0,3,826,249700,5,8
1,0,0,0,0,0,0,0,736,736,1452,2,8,0,0,0,113000,5,4
0,0,0,0,0,0,0,0,955,955,955,1,6,0,1,386,127000,7,5
0,0,2,0,0,0,0,0,794,794,1470,2,6,0,2,388,177000,6,6
1,0,0,0,0,0,0,1,816,816,1176,1,6,1,2,528,114500,6,6
1,0,2,1,0,0,0,0,816,816,816,1,5,0,2,516,110000,5,5
0,0,0,0,0,0,0,0,1842,1842,1842,0,5,1,3,894,385000,5,9
0,0,0,1,0,0,0,0,384,1360,1360,1,6,1,2,572,130000,5,5
0,0,0,0,0,0,0,0,1425,1425,1425,2,7,1,2,576,180500,5,6
3,0,0,0,0,0,0,0,970,983,1739,2,7,0,2,480,172500,5,8
0,0,2,0,0,0,0,0,860,860,1720,2,7,0,2,565,196500,5,7
0,0,3,0,0,0,0,0,1410,1426,2945,3,10,1,3,641,438780,5,10
0,0,0,0,0,0,0,0,780,780,780,1,4,0,1,352,124900,7,5
0,0,0,0,0,0,0,0,1158,1158,1158,1,5,0,2,576,158000,5,6
1,0,0,0,0,0,0,0,530,581,1111,1,6,0,1,288,101000,7,5
0,0,0,0,0,0,0,0,1370,1370,1370,2,6,1,2,484,202500,5,8
1,0,0,0,0,0,0,0,576,902,1710,2,9,0,2,480,140000,6,7
0,0,0,0,0,0,0,0,1057,1057,2034,2,8,0,2,645,219500,5,7
0,0,0,0,0,0,0,0,1143,1143,2473,2,9,1,3,852,317000,5,8
0,0,0,0,0,0,0,0,1947,2207,2207,2,7,1,2,576,180000,5,7
0,0,0,0,0,0,0,0,1453,1479,1479,2,7,0,2,558,226000,5,7
1,0,2,0,1,0,0,0,747,747,747,1,4,0,1,220,80000,6,4
0,0,2,0,0,1,0,0,1304,1304,2287,2,7,1,2,667,225000,4,7
0,0,0,0,1,0,0,0,2223,2223,2223,2,8,2,2,516,244000,6,7
0,0,2,0,0,0,0,0,845,845,845,1,4,0,2,360,129500,6,4
0,0,2,0,0,0,0,0,832,885,1718,2,7,1,2,427,185000,5,7
0,0,0,0,0,0,0,0,1086,1086,1086,1,6,0,2,490,144900,7,5
1,0,2,0,1,0,0,0,840,840,1605,2,8,0,1,379,107400,6,3
1,0,0,0,0,0,0,0,462,526,988,1,5,0,1,297,91000,5,4
0,0,0,0,0,0,0,0,952,952,952,1,4,0,1,283,135750,7,4
1,0,0,0,0,0,0,0,672,1072,1285,1,6,0,1,240,127000,5,5
0,0,0,0,0,0,0,0,1768,1768,1768,2,8,0,0,0,136500,5,4
1,0,2,0,0,0,0,0,440,682,1230,1,5,0,2,440,110000,6,5
0,0,2,0,1,0,0,0,896,1182,2142,2,8,1,1,509,193500,6,6
1,0,1,0,1,0,0,0,1237,1337,1337,2,5,0,2,405,153500,5,6
0,0,0,0,0,0,0,0,1563,1563,1563,2,6,1,3,758,245000,5,8
0,0,0,0,0,0,0,0,1065,1065,1065,1,6,0,2,461,126500,5,5
0,0,0,0,0,0,0,1,384,804,1474,2,7,1,2,400,168500,5,7
0,0,2,0,0,0,0,0,1288,1301,2417,2,9,1,2,462,260000,5,8
0,0,0,0,0,0,0,0,684,684,1560,2,6,1,2,400,174000,5,6
3,0,2,0,0,0,0,0,612,612,1224,2,4,0,2,528,164500,5,6
2,0,2,0,2,0,0,0,1013,1013,1526,1,6,0,0,0,85000,2,3
0,0,0,0,0,0,0,0,990,990,990,1,5,0,0,0,123600,5,4
0,0,0,0,0,0,0,0,0,1040,1040,1,4,0,2,420,109900,5,4
0,0,0,0,0,0,0,0,1235,1235,1235,1,6,0,2,480,98600,3,5
0,0,0,0,1,0,0,0,876,964,964,1,5,0,2,432,163500,7,5
2,0,2,0,0,1,0,0,1214,1260,2291,2,9,1,2,506,133900,6,6
0,0,0,0,1,0,0,0,824,905,1786,2,7,0,2,684,204750,5,6
0,0,2,0,1,0,0,1,680,680,1470,2,6,1,2,420,185000,8,6
0,0,0,0,0,0,0,0,1588,1588,1588,2,6,0,2,472,214000,5,7
0,0,0,0,0,0,0,0,960,960,960,1,6,0,1,432,94750,5,4
0,0,2,0,0,0,0,1,458,835,835,1,5,0,1,366,83000,5,5
0,0,0,0,0,0,0,1,950,1225,1225,1,6,0,0,0,128950,5,4
0,0,0,0,0,0,0,0,1610,1610,1610,2,6,2,2,480,205000,7,6
0,0,0,0,0,0,0,0,741,977,1732,2,7,1,2,476,178000,5,6
0,0,0,0,2,0,0,0,0,1535,1535,2,8,0,2,410,118964,5,5
0,0,2,0,0,0,0,0,1226,1226,1226,2,6,0,3,740,198900,5,7
1,0,2,0,2,0,0,0,1040,1226,1818,1,7,2,1,240,169500,4,7
3,0,0,0,0,0,0,0,1053,1053,1992,2,9,1,2,648,250000,5,8
1,0,0,0,0,0,0,1,641,1047,1047,1,6,0,1,273,100000,7,4
1,0,0,0,0,0,0,0,789,789,789,1,5,0,1,250,115000,5,5
1,0,2,0,0,1,0,0,793,997,1517,2,7,0,0,0,115000,7,5
0,0,0,0,0,0,0,0,1844,1844,1844,2,7,1,2,546,190000,6,6
0,0,0,0,0,0,0,0,994,1216,1855,2,7,0,1,325,136900,4,6
0,0,0,0,0,0,0,0,384,774,1430,2,7,1,2,400,180000,5,7
0,0,0,0,0,0,0,0,1264,1282,2696,2,10,1,3,792,383970,5,7
0,0,2,0,1,0,0,0,1809,2259,2259,2,7,2,2,450,217000,5,6
0,0,0,1,0,0,0,0,1028,1436,2320,2,9,1,1,180,259500,8,6
3,0,2,0,0,0,0,0,729,729,1458,2,5,1,2,440,176000,5,6
0,0,0,0,0,0,0,0,1092,1092,1092,1,6,1,1,288,139000,5,5
0,0,2,0,0,0,0,0,1125,1125,1125,1,5,0,2,430,155000,5,5
0,0,2,0,0,0,0,0,1673,1699,3222,3,11,2,3,594,320000,5,7
0,0,0,0,0,0,0,0,728,728,1456,2,8,1,2,390,163990,5,6
0,0,3,2,0,0,0,0,938,988,988,1,4,2,2,540,180000,5,6
1,0,0,0,0,0,0,0,732,772,1123,1,4,0,1,264,100000,5,4
0,0,2,0,1,0,0,0,1080,1080,1080,1,5,0,1,288,136000,7,6
0,0,0,0,0,0,0,0,1199,1199,1199,2,5,0,2,530,153900,5,6
0,0,3,0,1,0,0,0,1362,1586,1586,2,7,1,2,435,181000,5,6
1,0,0,0,2,0,0,0,520,520,754,1,5,0,0,0,84500,8,6
0,0,0,0,0,0,0,0,1078,958,958,2,5,1,2,440,128000,5,6
1,0,0,0,1,0,0,0,672,840,840,1,5,1,0,0,87000,7,5
0,0,0,0,0,0,0,0,660,660,1348,1,6,1,2,453,155000,5,6
0,0,0,0,0,0,0,0,1008,1053,1053,1,6,0,2,750,150000,7,5
0,0,2,0,0,0,0,0,924,1216,2157,2,8,2,2,487,226000,6,7
0,0,2,0,0,0,0,0,992,1022,2054,2,7,1,2,390,244000,5,6
0,0,2,0,0,0,0,0,1063,1327,1327,1,7,0,2,624,150750,6,5
0,0,0,0,0,0,0,0,1267,1296,1296,2,6,0,2,471,220000,5,8
0,0,0,0,0,0,0,0,1461,1721,1721,2,7,1,2,440,180000,6,5
0,0,0,0,0,0,0,0,1304,1682,1682,2,7,1,2,530,174000,6,7
0,0,2,0,0,0,0,0,1214,1214,1214,2,5,1,1,318,143000,5,5
0,0,0,0,0,0,0,0,1907,1959,1959,3,9,0,3,766,171000,5,7
0,0,0,0,0,0,0,0,1004,1004,1852,2,7,2,3,660,230000,5,8
0,0,0,0,0,0,0,0,928,928,1764,2,7,0,2,470,231500,5,6
0,0,1,0,0,0,0,0,864,864,864,1,5,1,0,0,115000,5,4
0,0,0,0,0,0,0,0,1734,1734,1734,2,7,0,2,660,260000,5,7
0,0,2,0,2,0,0,0,910,910,1385,2,6,0,2,720,166000,4,5
0,0,0,0,0,0,0,0,1490,1501,1501,2,6,0,2,577,204000,5,7
1,0,0,0,0,0,0,0,1728,1728,1728,2,10,0,2,504,125000,5,5
1,0,0,0,0,0,0,0,970,970,1709,2,7,0,2,380,130000,5,6
1,0,2,0,0,0,0,0,715,875,875,1,5,0,1,180,105000,7,5
0,0,3,0,0,0,0,0,884,884,2035,2,8,1,2,434,222500,5,7
0,0,0,0,0,0,0,0,1080,1080,1080,1,6,0,0,0,141000,5,7
1,0,0,0,0,0,0,0,896,896,1344,1,7,0,1,240,115000,4,5
0,0,2,0,0,0,0,0,969,969,969,1,5,0,2,440,122000,6,5
0,0,0,0,0,0,0,0,1710,1710,1710,2,6,1,3,866,372402,5,8
0,0,3,0,0,0,0,0,825,1097,1993,2,8,1,2,495,190000,5,6
0,0,0,0,0,0,0,0,1602,1252,1252,1,4,1,2,564,235000,7,6
1,0,2,0,0,0,0,0,1200,1200,1200,1,7,0,1,312,125000,5,6
0,0,2,0,0,2,0,0,572,572,1096,1,5,0,0,0,79000,5,6
0,0,0,0,0,0,0,0,0,1040,1040,1,5,0,2,625,109500,7,5
0,0,2,0,0,0,0,0,774,774,1968,2,8,1,3,680,269500,5,8
3,0,2,0,0,0,0,0,991,991,1947,2,8,1,2,678,254900,5,7
0,0,2,0,0,0,0,0,1392,1392,2462,2,9,1,2,576,320000,5,7
0,0,3,0,0,0,0,0,1232,1232,1232,2,6,0,2,516,162500,6,6
0,0,0,0,0,0,0,0,1572,1572,2668,2,10,2,3,726,412500,5,9
0,0,2,0,0,0,0,0,1541,1541,1541,2,7,1,2,532,220000,5,7
0,0,0,0,0,0,0,0,882,882,882,1,4,0,0,0,103200,6,4
1,0,2,0,1,0,0,0,1149,1149,1616,2,5,0,1,216,152000,7,6
0,0,0,0,1,0,0,0,644,808,1355,2,6,0,0,0,127500,7,5
0,0,0,0,0,0,0,0,1617,1867,1867,1,7,3,1,303,190000,5,5
0,0,0,0,0,0,0,0,1582,1610,2161,1,8,1,3,789,325624,5,8
0,0,0,0,0,0,0,0,840,840,1720,2,7,1,2,440,183500,5,7
0,0,2,0,0,0,0,0,1686,1707,1707,2,6,1,2,511,228000,6,8
1,0,0,0,0,0,0,0,720,854,1382,1,7,0,2,660,128500,6,5
0,0,2,0,0,0,0,0,1080,1656,1656,1,7,2,2,528,215000,5,6
0,0,0,0,1,0,0,0,1064,1064,1767,2,5,1,2,504,239000,7,7
0,0,0,0,0,0,0,0,1362,1362,1362,1,6,1,2,504,163000,5,6
0,0,0,0,0,0,0,0,1606,1651,1651,2,7,1,2,616,184000,5,6
0,0,2,0,0,0,0,0,1202,2158,2158,2,7,1,2,576,243000,7,6
0,0,2,0,0,0,0,0,1151,1164,2060,2,8,1,2,521,211000,5,6
0,0,0,0,1,0,0,0,1052,1252,1920,2,8,1,2,451,172500,5,5
0,0,3,0,0,0,0,0,2216,2234,2234,2,9,1,3,1166,501837,5,9
1,0,0,0,0,0,0,0,968,968,968,1,5,0,2,480,100000,6,5
3,0,0,0,0,0,0,0,756,769,1525,2,5,1,2,440,177000,5,6
0,0,0,0,0,0,0,0,793,901,1802,1,9,1,1,216,200100,6,7
0,0,0,0,0,0,0,0,0,1340,1340,1,7,1,1,252,120000,6,5
1,0,0,0,0,0,0,0,1362,1362,2082,2,6,0,2,484,200000,5,7
0,0,0,0,0,0,0,0,504,936,1252,1,5,0,2,576,127000,8,5
1,0,0,0,1,0,0,0,1107,1518,3608,2,12,2,3,840,475000,9,10
0,0,3,0,0,0,0,0,1188,1217,1217,2,6,0,2,497,173000,5,7
0,0,0,0,0,0,0,0,660,808,1656,2,8,0,1,180,135000,7,5
0,0,0,0,0,0,0,0,1086,1224,1224,0,6,2,2,528,153337,5,5
0,0,0,0,0,0,0,0,1593,1593,1593,1,5,1,2,682,286000,5,8
0,0,0,1,0,0,0,0,853,1549,2727,2,10,2,2,440,315000,8,8
0,0,3,0,0,0,0,0,725,725,1479,1,7,0,2,484,184000,9,7
0,0,0,0,0,0,0,0,1431,1431,1431,2,6,0,2,666,192000,5,7
1,0,0,0,0,0,0,0,970,970,1709,2,7,0,2,380,130000,5,7
0,0,0,0,0,0,0,0,864,864,864,1,5,0,1,352,127000,7,5
0,0,1,0,0,0,0,0,855,855,1456,2,7,1,2,440,148500,6,6
0,0,0,0,0,0,0,0,1726,1726,1726,2,8,1,3,786,311872,5,7
0,0,2,0,1,0,1,0,1360,1360,3112,2,8,1,2,795,235000,4,8
1,0,2,0,0,0,0,0,755,929,2229,1,8,0,0,0,104000,6,6
0,0,0,0,0,0,0,0,1713,1713,1713,2,7,1,3,856,274900,5,8
1,0,2,0,0,0,0,0,1121,1121,1121,2,5,0,2,440,140000,5,4
0,0,0,0,0,0,0,0,1196,1279,1279,2,6,2,2,473,171500,6,6
0,0,2,0,1,0,0,0,617,865,1310,2,6,0,1,398,112000,6,6
1,0,0,0,0,0,0,0,848,848,848,1,3,1,2,420,149000,5,6
1,0,0,0,0,0,0,0,720,720,1284,1,5,0,1,240,110000,7,5
0,0,2,0,0,0,0,0,1424,1442,1442,2,5,0,2,500,180500,5,7
0,0,3,0,1,0,0,0,1140,1696,1696,1,8,1,1,349,143900,5,5
0,0,0,0,0,0,0,0,1100,1100,1100,1,6,1,1,312,141000,5,4
0,0,0,1,0,0,0,0,1157,1180,2062,2,7,1,2,454,277000,5,7
0,0,0,0,0,0,0,0,1092,1092,1092,1,6,0,2,504,145000,7,6
0,0,0,0,0,0,0,0,864,864,864,1,5,0,0,0,98000,6,5
0,0,2,0,0,0,0,0,1212,1212,1212,2,6,0,2,460,186000,5,6
3,0,0,0,0,0,0,0,900,932,1852,2,7,1,2,644,252678,5,7
0,0,3,0,0,0,0,0,990,990,990,1,5,0,2,576,156000,5,5
0,0,1,0,0,0,0,1,689,689,1392,1,6,0,1,299,161750,7,6
0,0,0,0,0,0,0,0,1070,1236,1236,1,6,1,1,447,134450,6,5
0,0,0,0,0,0,0,0,1436,1436,1436,2,8,0,2,484,210000,5,7
1,0,0,0,0,0,0,0,686,810,1328,1,8,0,1,210,107000,4,4
0,0,2,0,1,0,0,0,798,1137,1954,1,8,2,2,431,311500,9,7
0,0,0,0,0,0,0,0,1248,1248,1248,2,5,0,2,438,167240,5,7
0,0,0,0,0,0,0,0,1498,1498,1498,2,5,0,2,675,204900,5,7
0,0,0,0,0,0,0,0,1010,1010,2267,2,8,1,2,390,200000,5,6
0,0,0,0,0,0,0,0,713,811,1552,2,6,1,2,434,179900,6,6
0,0,1,0,0,0,0,0,864,864,864,1,4,0,2,576,97000,6,4
0,0,0,0,0,0,0,0,2392,2392,2392,2,8,1,3,968,386250,5,10
1,0,0,0,0,0,0,0,630,630,1302,2,6,0,1,280,112000,5,5
0,0,0,0,0,0,0,0,1203,1214,2520,2,9,1,3,721,290000,5,7
1,0,0,0,0,0,0,0,483,483,987,1,5,0,1,280,106000,6,6
0,0,1,0,0,0,0,0,912,912,912,1,5,1,1,336,125000,5,5
0,0,0,0,0,0,0,0,1373,1555,1555,2,7,1,2,430,192500,5,7
0,0,0,0,0,0,0,0,1194,1194,1194,1,6,0,1,312,148000,6,6
0,0,0,0,0,0,0,0,1462,1490,2794,2,9,1,3,810,403000,5,8
1,0,0,0,0,0,0,0,483,483,987,1,5,1,1,288,94500,5,6
0,0,2,0,0,0,0,0,894,894,894,1,5,0,1,308,128200,6,5
0,0,0,0,0,0,0,0,860,860,1960,2,8,2,2,440,216500,5,6
1,0,0,0,0,0,0,0,483,483,987,1,5,0,1,264,89500,3,6
0,0,1,0,0,0,0,0,1414,1414,1414,2,6,0,2,494,185500,5,7
0,0,3,0,0,0,0,0,996,1014,1744,2,7,0,2,457,194500,7,7
0,0,0,0,0,0,0,0,1694,1694,1694,2,7,0,3,818,318000,5,8
0,0,0,0,0,0,0,0,735,798,1487,1,7,1,1,220,113000,4,6
3,0,0,0,0,0,0,0,1566,1566,1566,2,7,0,2,750,262500,5,8
1,0,0,0,1,0,0,0,686,866,866,1,4,0,0,0,110500,9,5
1,0,2,0,0,0,0,0,540,889,1440,1,6,0,1,352,79000,4,5
0,0,2,0,0,0,0,0,626,626,1217,1,6,1,1,288,120000,6,6
0,0,0,0,0,0,0,0,948,1222,2110,2,8,2,2,463,205000,5,7
0,0,0,0,0,0,0,0,1845,1872,1872,2,6,1,2,604,241500,5,7
1,0,0,0,2,0,0,0,1020,908,1928,2,9,0,1,440,137000,8,6
0,0,0,0,0,0,0,0,1367,1375,1375,1,5,1,2,451,140000,5,6
0,0,0,0,0,0,0,0,840,840,1668,2,8,0,2,500,180000,5,7
0,0,3,2,0,0,0,1,1444,1444,2144,2,7,2,2,389,277000,7,6
0,0,0,0,3,0,0,1,728,1306,1306,1,6,0,0,0,76500,2,3
1,0,0,1,0,0,0,0,1573,1625,1625,2,5,1,2,538,235000,5,8
0,0,0,0,0,0,0,0,798,798,1640,2,6,0,2,520,173000,5,6
0,0,0,0,0,0,0,0,1302,1302,1302,2,7,0,1,309,158000,7,6
0,0,0,0,1,0,0,0,1314,1314,1314,1,5,0,1,294,145000,6,5
0,0,0,0,0,0,0,0,975,1005,2291,2,8,1,2,429,230000,5,7
3,0,0,0,0,0,0,0,864,864,1728,2,7,0,2,673,207500,5,6
0,0,0,0,0,0,0,0,1604,1604,1604,2,8,1,2,660,220000,5,7
0,0,0,0,0,0,0,0,963,963,1792,2,7,1,2,564,231500,5,7
1,0,0,0,0,0,0,0,0,882,882,1,4,0,1,308,97000,5,5
0,0,2,0,0,0,0,0,1362,1382,1382,1,6,1,2,884,176000,5,6
0,0,0,0,0,0,0,0,1482,1482,2574,2,10,1,3,868,276000,5,8
0,0,2,0,0,0,0,0,506,1212,1212,1,6,1,2,492,151000,7,6
1,0,2,0,0,0,0,0,926,926,1316,1,6,0,2,484,130000,7,5
1,0,0,0,0,0,0,0,680,764,764,1,4,0,2,504,73000,5,5
0,0,0,0,1,0,0,0,1422,1422,1422,2,7,1,2,576,175500,6,6
0,0,1,0,0,0,0,0,802,802,1511,2,8,1,2,413,185000,5,6
0,0,0,1,0,0,0,0,720,1052,2192,2,8,1,1,240,179500,8,5
1,0,0,0,0,0,0,0,740,778,778,1,4,1,1,924,120500,6,5
0,0,2,0,1,0,0,0,1143,1113,1113,1,6,1,1,504,148000,7,6
3,0,0,0,0,0,0,0,1095,1095,1939,2,8,1,3,1053,266000,5,8
0,0,3,2,0,0,0,0,1385,1363,1363,1,5,2,2,439,241500,7,7
0,0,3,0,0,0,0,0,1152,1164,2270,2,9,1,3,671,290000,7,8
0,0,0,0,0,0,0,0,1240,1632,1632,2,6,1,1,338,139000,6,6
0,0,2,0,0,0,0,0,816,816,816,1,5,0,1,264,124500,7,5
0,0,0,0,1,1,0,0,952,952,1548,2,5,0,2,672,205000,7,7
0,0,0,0,0,0,0,0,1560,1560,1560,2,7,0,2,573,201000,5,7
0,0,2,0,0,0,0,0,864,864,864,1,4,0,2,400,141000,5,4
0,0,0,0,0,0,0,0,2121,2121,2121,2,8,1,3,732,415298,5,9
0,0,0,0,0,0,0,0,1160,1156,2022,2,8,1,2,505,192000,5,7
0,0,0,0,0,0,0,0,807,1175,1982,2,7,1,2,575,228500,6,7
3,0,0,0,0,0,0,0,1262,1262,1262,2,5,0,2,572,185000,5,6
0,0,0,0,0,0,0,0,1314,1314,1314,2,6,1,2,626,207500,5,7
0,0,0,0,0,0,0,0,1468,1468,1468,2,6,1,3,898,244600,5,8
0,0,0,0,0,0,0,0,1575,1575,1575,2,5,0,2,529,179200,5,6
3,0,0,0,0,0,0,0,625,625,1250,2,5,0,2,528,164700,5,7
0,0,0,0,0,0,0,0,912,1085,1734,1,7,1,2,440,159000,7,6
0,0,2,0,0,0,0,0,858,858,858,1,5,0,0,0,88000,4,4
0,0,0,0,1,0,0,0,882,900,900,1,5,0,1,280,122000,5,5
0,0,0,0,0,0,0,0,698,698,1396,1,7,0,1,384,153575,7,6
0,0,0,0,0,0,0,0,1079,1079,1919,2,8,1,2,685,233230,5,8
0,0,0,0,2,0,0,0,780,936,1716,2,9,0,0,0,135900,6,5
0,0,0,0,0,0,0,0,768,1148,1716,1,8,1,1,281,131000,4,5
0,0,2,0,0,0,0,0,795,1468,2263,2,9,1,2,539,235000,7,7
0,0,0,0,0,0,0,0,1416,1644,1644,1,7,2,2,418,167000,5,6
0,0,3,0,0,0,0,0,1003,1003,1003,1,6,0,2,588,142500,6,6
1,0,0,0,0,0,0,0,910,910,1558,1,6,0,1,282,152000,5,5
3,0,0,0,0,0,0,0,975,975,1950,2,7,1,2,576,239000,5,7
0,0,0,0,0,0,0,0,702,1041,1743,1,7,1,2,539,175000,6,6
0,0,0,0,1,0,0,0,1092,1152,1152,1,6,1,1,300,158500,8,6
0,0,2,0,0,0,0,0,1165,1336,1336,1,5,2,1,375,157000,5,5
0,0,0,0,0,0,0,0,1028,1210,2452,2,9,1,2,683,267000,5,8
0,0,2,0,0,0,0,0,1541,1541,1541,2,6,1,3,843,205000,5,7
0,0,2,0,0,0,0,0,894,894,894,1,5,0,2,552,149900,7,5
1,0,0,0,0,0,0,0,1470,1675,3493,3,10,1,3,870,295000,9,7
0,0,0,0,0,0,0,0,2000,2000,2000,2,8,0,3,888,305900,5,8
0,0,0,0,0,0,0,0,700,1122,2243,2,8,1,3,746,225000,5,7
1,0,0,0,2,0,0,0,319,1035,1406,1,6,0,0,0,89500,7,6
0,0,0,0,0,0,0,0,861,861,861,1,4,0,2,539,82500,5,4
0,0,0,0,0,0,0,0,1896,1944,1944,2,8,3,3,708,360000,5,9
0,0,0,0,0,0,0,0,697,697,1501,2,6,1,2,420,165600,5,6
0,0,0,0,1,0,0,0,972,972,972,1,5,1,1,240,132000,6,6
1,0,0,0,0,0,0,0,793,793,1118,1,5,1,2,410,119900,7,5
0,0,0,2,0,1,0,0,2136,2036,2036,2,8,2,2,513,375000,5,7
1,0,0,0,0,0,0,0,728,832,1641,1,6,1,2,546,178000,7,7
0,0,0,0,0,0,0,0,716,716,1432,2,6,1,2,432,188500,5,7
0,0,2,0,0,0,0,0,845,1153,2353,2,10,1,2,484,260000,7,7
3,0,0,0,0,0,0,0,1088,1088,1959,2,8,1,3,1025,270000,5,8
0,0,0,1,0,0,0,0,1347,1372,2646,2,9,1,3,656,260000,5,7
0,0,0,0,0,0,0,0,1372,1472,1472,2,6,2,2,588,187500,5,7
0,0,2,0,0,0,0,0,1249,1249,2596,3,9,0,3,840,342643,5,9
0,0,0,0,0,0,0,0,1136,1136,2468,2,10,1,3,872,354000,5,8
0,0,0,0,0,0,0,0,1502,1553,2730,2,8,1,2,576,301000,5,7
1,0,0,0,1,0,0,0,1162,1163,1163,1,6,0,1,220,126175,8,3
0,0,2,0,1,0,0,0,710,1898,2978,2,11,1,2,564,242000,7,7
1,0,0,0,0,0,0,0,720,803,803,1,5,0,2,360,87000,6,5
0,0,3,0,0,0,0,0,1719,1719,1719,1,6,2,2,473,324000,5,8
0,0,0,0,0,0,0,0,1383,1383,1383,1,7,0,1,292,145250,5,6
0,0,0,0,0,0,0,0,844,1445,2134,2,10,0,2,441,214500,6,6
1,0,2,0,0,0,0,0,596,596,1192,1,6,0,1,189,78000,5,5
0,0,0,0,0,0,0,0,1728,1728,1728,2,10,0,1,352,119000,4,5
0,0,0,0,0,0,0,0,1056,1056,1056,1,6,0,1,308,139000,6,5
0,0,0,0,0,0,0,0,3206,1629,1629,2,7,1,3,880,284000,5,8
1,0,4,0,0,0,0,0,1358,1358,1358,2,6,1,2,484,207000,5,7
0,0,0,0,0,0,0,0,943,943,1638,2,7,2,2,472,192000,5,6
0,0,2,2,0,0,0,1,1499,1619,1786,2,7,2,2,529,228950,6,5
0,0,2,0,0,0,0,0,1922,1922,1922,2,8,1,3,676,377426,5,9
0,0,0,0,0,0,0,0,1536,1536,1536,2,7,0,2,532,214000,5,7
0,0,2,0,0,0,0,1,1208,1621,1621,2,8,0,2,440,202500,7,7
0,0,0,0,0,0,0,0,1215,1215,1215,1,6,0,1,297,155000,7,6
0,0,0,0,0,0,0,0,967,993,1908,2,9,0,2,431,202900,5,8
4,0,0,0,2,0,0,0,721,841,841,1,4,0,1,294,82000,4,4
0,0,0,0,0,3,0,0,0,1040,1040,2,6,0,2,400,87500,4,3
0,0,0,0,0,0,0,0,1684,1684,1684,2,6,1,2,564,266000,5,9
1,0,0,0,0,0,0,0,536,536,1112,1,4,0,1,336,85000,3,5
0,0,0,0,0,0,0,0,972,972,1577,1,6,1,1,312,140200,5,6
0,0,3,0,1,0,0,2,958,958,958,1,5,0,1,301,151500,8,6
0,0,0,0,0,0,0,0,1478,1478,1478,2,6,2,2,498,157500,5,6
0,0,0,0,0,0,0,0,764,764,1626,2,6,0,2,474,154000,5,7
0,0,0,0,0,0,0,0,1848,1848,2728,2,10,2,3,706,437154,5,9
0,0,0,0,0,0,0,0,1869,1869,1869,2,6,1,2,617,318061,5,9
0,0,0,1,0,0,0,0,1453,1453,1453,1,6,1,2,445,190000,5,7
0,0,0,0,0,0,0,0,616,616,1111,1,5,0,1,200,95000,6,5
1,0,0,0,1,0,0,0,624,720,720,1,5,0,2,484,105900,8,6
0,0,0,0,0,0,0,0,940,1192,1595,1,6,2,1,240,140000,5,6
0,0,0,0,1,0,0,0,1200,1200,1200,2,6,0,2,521,177500,5,6
0,0,0,0,0,0,0,0,1158,1167,1167,2,6,0,2,400,173000,6,6
1,0,0,0,0,0,0,0,1142,1142,1142,1,6,1,2,528,134000,5,5
0,0,0,0,0,0,0,0,1062,1352,1352,1,6,0,1,288,130000,4,5
0,0,3,0,0,0,0,0,1086,1086,1924,2,7,1,2,592,280000,5,8
0,0,3,0,0,0,0,0,888,912,912,1,5,1,2,470,156000,6,6
0,0,0,0,0,0,0,0,883,988,1505,1,8,0,1,240,145000,5,5
0,0,2,0,0,0,0,0,0,495,1922,3,7,1,2,672,198500,5,7
1,0,0,0,0,0,0,0,483,483,987,1,5,0,1,264,118000,8,6
0,0,1,0,0,0,0,0,796,790,1574,2,6,1,2,566,190000,5,6
1,0,0,0,1,0,0,0,672,672,1344,1,6,0,1,468,147000,7,5
0,0,0,0,0,0,0,0,1394,1394,1394,1,6,2,2,514,159000,5,6
0,0,2,0,0,0,0,0,1099,1431,1431,1,6,1,1,296,165000,5,6
0,0,0,0,0,0,0,0,1268,1268,1268,1,7,1,1,244,132000,6,5
0,0,2,0,1,0,0,0,1063,1287,1287,1,7,1,2,576,162000,7,5
0,0,0,0,0,0,0,0,953,953,1664,2,7,1,2,460,172400,5,6
0,0,0,0,0,0,0,0,0,1120,1588,2,7,1,2,680,134432,4,4
0,0,0,0,0,0,0,0,744,752,752,1,4,0,1,264,125000,5,6
0,0,0,0,0,0,0,0,608,1319,1319,1,5,0,1,270,123000,6,5
0,0,0,0,0,0,0,0,847,847,1928,2,8,1,2,434,219500,5,7
0,0,0,2,2,0,0,0,683,904,904,0,4,0,0,0,61000,1,1
0,0,3,0,0,0,0,0,870,914,914,1,5,0,2,576,148000,5,5
3,0,2,0,0,0,0,0,1580,1580,2466,3,8,1,2,610,340000,5,8
0,0,2,0,0,0,0,0,1856,1856,1856,1,8,1,3,834,394432,2,9
0,0,0,0,0,0,0,0,982,1007,1800,2,7,1,2,463,179000,5,6
0,0,0,0,0,0,0,0,1026,1026,1691,2,6,1,1,308,127000,6,5
3,0,0,0,0,0,0,0,1293,1301,1301,2,5,1,2,572,187750,5,7
0,0,0,0,0,0,0,0,939,939,1797,2,8,0,2,639,213500,5,7
4,0,2,0,0,0,0,0,784,784,784,1,5,0,2,360,76000,3,6
0,0,2,1,0,0,0,0,1580,1079,1953,2,9,2,2,501,240000,5,6
0,0,0,0,0,0,0,0,1256,1269,1269,2,6,1,2,430,192000,5,8
0,0,1,0,2,0,0,0,658,658,1184,1,8,0,0,0,81000,3,5
0,0,0,0,0,0,0,0,1041,1125,1125,1,6,1,1,352,125000,6,6
0,0,3,0,0,0,0,0,1468,1479,1479,2,6,0,2,577,191000,5,7
0,0,0,0,0,0,0,0,1682,1742,2332,2,9,1,3,846,426000,5,10
0,0,0,0,0,0,0,0,861,961,1367,1,7,0,1,384,119000,8,5
0,0,3,0,0,0,0,0,804,804,1961,2,7,1,2,560,215000,5,6
0,0,0,0,0,0,0,1,0,882,882,1,5,0,1,294,106500,7,5
0,0,2,0,0,0,0,0,788,788,788,1,4,2,0,0,100000,5,4
0,0,0,0,0,0,0,0,735,735,1034,1,5,0,1,240,109000,6,5
0,0,0,0,0,0,0,0,1144,1144,1144,1,6,0,1,596,129000,6,5
0,0,0,0,0,0,0,0,894,894,894,1,6,0,2,600,123000,5,5
0,0,0,0,0,0,0,0,864,876,1812,2,8,1,1,264,169500,5,5
1,0,2,0,2,0,0,0,961,1077,1077,1,6,0,1,338,67000,2,5
3,0,0,0,0,0,0,0,1092,1112,1550,2,7,0,2,438,241000,5,7
0,0,0,0,0,0,0,0,1260,1288,1288,1,4,2,2,500,245500,5,8
0,0,0,0,0,0,0,0,1310,1310,1310,2,6,1,2,400,164990,5,7
0,0,0,0,0,0,0,0,672,672,672,1,4,0,1,240,108000,8,5
0,0,2,0,0,0,0,0,1141,1165,2263,2,10,1,2,420,258000,5,8
0,0,0,0,0,0,0,0,806,806,1572,2,7,1,2,373,168000,5,6
0,0,2,0,0,0,0,0,1281,1620,1620,2,8,1,2,490,150000,4,4
0,0,0,0,0,0,0,0,1064,1166,1639,1,6,0,1,240,115000,5,6
0,0,0,0,0,0,0,0,840,840,1680,2,8,0,1,308,177000,7,6
0,0,2,0,0,0,0,0,1063,1071,2172,2,9,1,3,947,280000,5,7
3,0,0,0,0,0,0,0,1034,1050,2078,2,8,1,3,836,339750,5,8
0,0,0,0,2,0,0,0,1276,1276,1276,1,5,0,1,350,60000,3,5
0,0,0,0,0,0,0,0,1056,1056,1056,1,5,0,2,572,145000,5,5
3,0,0,0,0,0,0,0,1470,1478,1478,2,7,1,2,484,222000,5,7
1,0,0,0,0,0,0,0,1008,1028,1028,1,5,1,2,360,115000,6,5
0,0,3,0,0,0,0,0,1080,1080,2097,2,9,1,3,678,228000,5,7
0,0,0,0,0,0,0,0,1340,1340,1340,2,6,0,2,396,181134,5,7
0,0,0,0,0,0,0,0,672,672,1400,1,6,1,2,440,149500,7,6
0,0,0,0,0,1,0,0,1370,1370,2624,2,10,1,3,864,239000,6,6
0,0,0,0,0,0,0,0,756,756,1134,1,7,0,1,240,126000,6,5
0,0,0,0,0,0,0,0,1056,1056,1056,1,6,1,1,304,142000,6,5
1,0,0,0,1,0,0,0,1344,1344,1344,2,8,0,4,784,206300,5,7
0,0,1,0,0,0,0,0,1602,1602,1602,2,8,1,2,529,215000,7,6
0,0,0,1,0,0,0,0,988,988,988,1,4,0,2,520,113000,5,5
0,0,0,0,0,0,0,0,1470,1470,2630,2,8,1,3,696,315000,5,8
0,0,0,0,0,0,0,0,1196,1196,1196,1,6,1,1,297,139000,5,6
1,0,0,0,1,0,0,0,651,707,1389,1,6,2,1,240,135000,8,7
0,0,0,1,0,0,0,0,1518,1644,1644,2,5,1,2,569,275000,5,7
0,0,0,0,0,0,0,0,907,907,907,1,5,0,1,352,109008,6,4
0,0,0,0,0,0,0,0,1208,1208,1208,2,6,0,2,628,195400,5,7
0,0,2,0,0,0,0,0,1392,1412,1412,2,6,1,2,576,175000,5,6
1,0,0,0,0,0,0,0,483,483,987,1,4,0,1,264,85400,5,6
1,0,0,0,0,0,0,0,901,1088,1198,1,7,0,0,0,79900,7,6
1,0,0,0,0,0,0,0,765,765,1365,1,6,0,2,440,122500,5,5
0,0,2,0,0,0,0,0,926,926,1604,2,7,1,2,470,181000,5,6
1,0,0,0,1,0,0,0,630,630,630,1,3,0,0,0,81000,7,4
0,0,3,0,0,0,0,0,799,827,1661,2,6,1,2,550,212000,6,7
1,0,0,0,0,0,0,0,648,734,1118,1,6,0,2,440,116000,8,6
1,0,0,0,0,0,0,0,884,904,904,1,4,0,1,180,119000,7,6
0,0,0,0,0,0,0,0,440,694,694,1,4,1,1,352,90350,6,5
0,0,2,0,0,0,0,1,684,684,1196,1,7,0,2,528,110000,8,6
0,0,0,0,0,0,0,0,3094,2402,2402,2,10,2,3,672,555000,5,10
0,0,0,0,0,0,0,0,1440,1440,1440,2,8,0,0,0,118000,4,4
1,0,0,0,0,0,0,0,1078,1128,1573,2,8,1,2,360,162900,7,5
0,0,0,0,0,0,0,0,1258,1258,1258,2,6,1,3,648,172500,5,7
0,0,0,0,1,0,0,0,915,933,1908,2,8,1,2,493,210000,5,7
0,0,2,0,0,0,0,0,1436,1689,1689,1,7,1,2,480,127500,5,6
0,0,2,0,0,0,0,0,1517,1888,1888,2,6,1,2,578,190000,6,6
0,0,2,0,0,0,0,0,930,956,1886,2,10,1,2,431,199900,5,7
1,0,0,0,0,0,0,0,780,780,1376,2,7,1,1,198,119500,6,6
1,0,0,0,1,0,0,0,649,679,1183,1,6,0,1,308,120000,7,3
1,0,0,0,0,0,0,0,813,813,813,1,5,0,1,270,110000,8,6
0,0,0,1,0,0,0,0,1533,1533,1533,2,5,2,2,576,280000,5,7
0,0,2,0,0,0,0,0,872,888,1756,2,7,0,2,422,204000,5,6
3,0,0,0,0,0,0,0,768,786,1590,2,6,0,2,676,210000,5,8
0,0,0,0,0,0,0,0,1728,1728,1728,2,8,0,2,560,188000,5,5
0,0,0,0,0,0,0,0,1242,1242,1242,1,6,1,2,528,175500,6,7
1,0,0,0,0,0,0,0,624,624,1344,1,7,0,3,513,98000,5,5
0,0,3,1,0,0,0,0,1364,1663,1663,1,6,2,2,529,256000,6,4
1,0,0,0,1,0,0,0,588,833,1666,1,7,1,1,228,161000,7,8
0,0,2,0,0,0,0,0,709,979,1203,1,5,1,1,352,110000,4,5
3,0,0,0,0,0,0,0,832,832,1935,2,8,0,2,552,263435,5,8
0,0,0,0,1,0,0,0,560,575,1135,1,6,0,2,576,155000,9,7
0,0,0,0,0,0,0,0,864,864,864,1,5,1,1,360,62383,5,5
0,0,0,1,0,0,0,0,715,849,1660,1,6,1,1,240,188700,7,6
0,0,0,1,0,0,0,0,1040,1040,1040,2,5,0,0,0,124000,5,5
1,0,0,0,0,0,0,0,1375,1414,1414,2,6,1,2,398,178740,5,7
0,0,0,0,1,0,0,0,1277,1277,1277,1,5,1,2,526,167000,5,7
0,0,0,0,0,0,0,0,728,888,1644,1,7,2,1,312,146500,7,5
0,0,0,0,0,0,0,0,1626,1634,1634,2,7,1,3,866,250000,5,8
0,0,2,0,0,0,0,0,832,832,1710,2,7,0,2,506,187000,5,6
0,0,2,0,0,0,0,0,1488,1502,1502,1,4,0,2,528,212000,5,8
0,0,0,0,0,0,0,0,808,1161,1969,2,8,1,2,534,190000,6,7
1,0,0,0,0,0,0,0,547,1072,1072,1,5,0,2,525,148000,5,6
0,0,0,0,0,0,0,0,1976,1976,1976,2,7,1,3,908,440000,5,8
0,0,0,0,0,0,0,0,1494,1652,1652,2,6,0,2,499,251000,5,8
0,0,2,0,0,0,0,0,970,970,970,1,5,0,2,624,132500,6,5
0,0,0,1,0,0,0,0,1478,1493,1493,2,7,1,2,508,208900,5,6
0,0,0,0,0,0,0,0,2153,2069,2643,2,9,1,3,694,380000,5,9
0,0,0,0,0,0,0,0,1705,1718,1718,2,7,1,3,826,297000,5,8
1,0,0,0,0,0,0,0,907,1131,1131,1,7,0,2,672,89471,7,4
0,0,1,0,0,0,0,0,1833,1850,1850,2,8,1,3,772,326000,5,9
0,0,0,0,0,0,0,0,1792,1792,1792,2,6,1,3,874,374000,5,9
1,0,2,0,0,0,0,0,910,916,1826,1,7,1,1,164,155000,8,7
1,0,1,0,0,0,0,0,1216,1216,1216,2,5,0,2,402,164000,5,6
0,0,2,0,1,0,0,0,999,999,999,1,6,0,1,264,132500,7,5
0,0,0,0,0,0,0,0,1113,1113,1113,1,5,1,1,264,147000,7,5
0,0,0,0,0,0,0,0,1073,1073,1073,1,6,0,2,515,156000,7,5
0,0,0,0,0,0,0,0,1484,1484,1484,2,7,1,2,487,175000,6,5
0,0,2,0,2,0,0,0,954,1766,2414,2,10,1,2,520,160000,4,5
1,0,0,0,1,0,0,0,630,630,630,1,3,0,1,286,86000,8,4
1,0,0,0,0,0,0,0,264,616,1304,1,4,1,1,336,115000,6,5
0,0,0,0,0,0,0,0,806,958,1578,1,5,2,1,240,133000,7,6
0,0,2,0,0,0,0,0,728,728,1456,2,8,0,2,429,172785,5,6
0,0,0,0,0,0,0,0,1269,1269,1269,1,6,1,1,308,155000,6,5
1,0,0,0,0,0,0,0,190,886,886,1,4,0,1,273,91300,8,5
2,0,0,0,0,0,0,0,720,720,720,1,4,0,0,0,34900,5,4
0,0,0,0,0,0,0,0,3200,3228,3228,3,10,1,2,546,430000,5,8
0,0,0,0,1,0,0,0,1026,1133,1820,2,8,0,1,240,184000,6,7
0,0,0,0,0,0,0,0,864,899,899,1,5,0,1,288,130000,7,5
0,0,0,0,0,0,0,1,912,912,912,1,5,0,1,297,120000,7,5
1,0,0,0,0,0,0,0,672,672,1218,1,7,0,1,264,113000,5,6
3,0,0,0,0,0,0,0,866,866,1768,2,7,0,2,603,226700,5,7
0,0,2,0,0,0,0,1,1214,1214,1214,1,6,0,2,461,140000,7,5
0,0,0,0,0,0,0,0,1501,1801,1801,2,6,2,2,484,289000,8,7
0,0,0,0,0,0,0,0,855,855,1322,2,6,1,2,440,147000,5,6
1,0,0,0,0,0,0,0,960,960,1960,2,10,0,2,400,124500,5,5
0,0,0,0,0,0,0,0,777,1065,1911,2,8,1,2,471,215000,5,8
3,0,0,0,0,0,0,0,1218,1218,1218,2,4,0,2,676,208300,5,6
1,0,0,0,4,0,0,0,689,689,1378,2,7,1,2,360,161000,9,7
0,0,2,0,0,0,0,0,1041,1041,1041,1,6,0,1,270,124500,6,5
0,0,0,0,0,0,0,1,1008,1363,1363,1,6,2,1,288,164900,7,5
0,0,0,0,0,0,0,0,1368,1368,1368,2,6,1,2,474,202665,5,7
0,0,2,0,0,0,0,0,864,864,864,1,5,0,2,624,129900,5,5
0,0,2,0,1,0,0,0,1084,1080,1080,1,5,0,2,484,134000,5,6
0,0,0,0,0,2,0,0,768,789,789,1,5,0,1,200,96500,5,5
0,0,0,0,0,0,0,0,2006,2020,2020,2,9,1,3,900,402861,5,10
0,0,2,0,0,0,0,0,689,1378,2119,2,7,1,2,583,158000,6,6
0,0,0,0,0,0,0,0,1264,1277,2344,2,7,1,3,889,265000,5,7
0,0,3,0,0,0,0,0,794,882,1796,2,7,0,2,546,211000,5,6
0,0,0,0,0,0,0,0,1276,1276,2080,1,9,2,1,282,234000,9,7
0,0,0,0,0,0,0,0,0,694,1294,2,7,0,0,0,106250,7,4
0,0,2,0,0,0,0,0,1244,1244,1244,1,6,2,1,336,150000,6,6
1,0,2,0,1,0,0,0,1004,1004,1664,2,7,2,2,420,159000,7,6
0,0,0,0,0,0,0,0,3138,3138,4676,3,11,1,3,884,184750,5,10
0,0,0,0,0,0,0,0,1379,1383,2398,2,8,1,3,834,315750,5,7
3,0,0,0,0,0,0,0,1257,1266,1266,2,6,1,2,453,176000,5,7
0,0,0,0,0,0,0,0,928,928,928,1,4,0,1,252,132000,7,5
0,0,0,0,0,0,0,0,1452,1476,2713,2,11,1,3,858,446261,5,9
0,0,0,0,0,0,0,0,528,605,605,1,5,0,0,0,86000,7,4
0,0,3,0,0,0,0,0,2035,2515,2515,3,9,2,2,484,200624,3,6
0,0,0,0,0,0,0,0,1461,1509,1509,2,5,1,2,600,175000,5,6
1,0,4,0,0,0,0,0,611,751,1362,2,6,0,2,502,128000,8,6
0,0,0,0,0,0,0,0,0,827,827,1,5,1,1,392,107500,7,5
0,0,0,1,2,0,0,0,0,334,334,1,2,0,0,0,39300,3,1
0,0,0,0,0,0,0,0,707,707,1414,2,6,1,2,403,178000,5,8
0,0,0,0,0,0,0,0,1117,820,1347,1,5,0,0,0,107500,7,5
0,0,3,0,0,0,0,0,880,880,1724,2,8,0,2,527,188000,5,7
0,0,1,0,0,0,0,0,864,864,864,1,5,0,2,576,111250,5,4
0,0,0,0,0,0,0,0,1051,1159,1159,1,7,1,1,336,158000,5,5
0,0,0,0,0,0,0,1,1581,1601,1601,2,6,1,2,670,272000,5,8
0,0,0,0,0,0,0,0,1838,1838,1838,2,8,1,3,765,315000,5,9
0,0,1,0,0,0,0,0,969,997,2285,2,8,1,3,648,248000,5,8
0,0,0,0,0,0,0,0,1650,1680,1680,2,7,1,2,583,213250,5,7
4,0,0,0,0,0,0,0,723,767,767,1,4,0,1,367,133000,5,7
0,0,0,0,0,0,0,0,654,664,1496,2,7,1,2,426,179665,5,7
0,0,2,0,1,0,0,0,1204,1377,2183,2,9,0,3,786,229000,5,7
0,0,0,0,0,0,0,0,1065,915,1635,1,6,1,2,440,210000,7,6
0,0,0,0,1,0,0,0,768,768,768,1,5,0,2,624,129500,7,5
1,0,0,0,1,0,0,0,825,825,825,1,4,0,2,720,125000,7,5
3,0,0,0,0,0,0,0,912,912,2094,2,8,1,2,615,263000,5,7
0,0,0,0,0,0,0,0,1069,1069,1069,2,4,0,2,440,140000,6,6
1,0,0,0,0,0,0,0,928,928,928,1,5,0,1,288,112500,6,5
0,0,0,0,0,0,0,0,1709,1717,1717,2,7,1,3,908,255500,5,8
0,0,0,0,0,0,0,0,0,1126,1126,2,5,0,2,520,108000,5,4
0,0,0,0,0,0,0,0,998,1006,2046,2,8,1,3,871,284000,5,7
1,0,0,0,0,0,0,0,993,1048,1048,1,5,1,1,280,113000,6,5
0,0,0,0,0,0,0,0,1092,1092,1092,1,6,1,1,299,141000,5,5
2,0,0,1,0,0,0,0,637,897,1336,1,7,0,1,570,108000,6,4
0,0,1,0,0,0,0,0,729,729,1446,2,6,1,2,406,175000,5,7
0,0,0,0,0,0,0,0,1374,1557,1557,2,7,1,2,420,234000,5,7
0,0,0,0,0,0,0,0,1392,1392,1392,1,5,1,2,528,121500,6,5
0,0,0,1,0,0,0,0,1389,1389,1389,1,6,1,2,418,170000,5,5
0,0,0,0,0,0,0,0,996,996,996,1,6,1,0,0,108000,6,5
0,0,0,0,0,0,0,0,1163,1163,1674,2,8,1,2,396,185000,7,6
0,0,3,0,0,0,0,0,1095,1166,2295,2,9,1,2,590,268000,5,7
0,0,2,0,0,0,0,0,806,841,1647,1,6,0,1,216,128000,4,6
0,0,0,0,0,0,0,0,1122,1134,2504,2,11,1,3,656,325000,5,9
0,0,0,0,0,0,0,0,1517,1535,1535,2,7,0,2,532,214000,5,7
0,0,0,1,0,0,0,0,1496,1496,2132,1,5,1,2,612,316600,8,8
0,0,2,0,0,0,0,0,943,943,943,1,4,2,2,600,135960,5,5
0,0,0,0,0,0,0,0,1728,1728,1728,2,10,0,2,576,142600,5,5
0,0,0,0,0,0,0,0,864,864,864,1,4,0,1,288,120000,6,6
0,0,2,0,0,0,0,0,846,846,1692,2,6,0,2,650,224500,5,7
0,0,0,0,0,0,0,0,384,774,1430,2,8,1,2,400,170000,5,7
0,0,1,0,0,0,0,0,372,576,1109,1,5,0,1,288,139000,7,5
0,0,0,0,0,0,0,0,832,832,1216,1,6,0,1,336,118500,5,5
0,0,0,0,0,0,0,0,861,877,1477,2,6,1,1,216,145000,7,7
0,0,0,0,0,0,0,0,1164,1320,1320,1,6,2,2,564,164500,6,5
3,0,2,0,0,0,0,0,689,703,1392,2,5,0,2,540,146000,5,7
1,0,0,0,0,0,0,0,1050,1050,1795,2,7,0,1,352,131500,5,5
0,0,3,0,0,0,0,0,1144,1429,1429,1,7,2,2,572,181900,6,6
0,0,0,0,0,0,0,0,2042,2042,2042,2,8,1,3,1390,253293,5,8
0,0,0,0,1,0,0,0,816,816,816,1,5,0,0,0,118500,5,6
1,0,0,0,4,0,0,0,1237,1521,2775,3,9,1,2,880,325000,9,10
1,0,0,0,0,0,0,0,884,989,1573,1,6,0,1,240,133000,7,4
0,0,0,0,0,0,0,0,1868,2028,2028,2,7,2,3,880,369900,5,8
0,0,0,0,1,0,0,0,816,838,838,1,5,0,1,275,130000,7,6
0,0,0,0,0,0,0,0,840,860,860,1,4,0,2,528,137000,6,5
0,0,0,2,0,0,0,0,1437,1473,1473,1,5,2,1,452,143000,8,5
1,0,0,0,0,0,0,1,742,779,935,1,4,0,1,308,79500,6,5
0,0,0,0,0,0,0,0,770,770,1582,2,6,0,2,520,185900,5,7
0,0,2,0,0,0,0,0,1722,1728,2296,2,10,1,3,842,451950,5,10
0,0,0,0,1,0,0,0,816,816,816,1,4,0,2,816,138000,8,5
1,0,0,0,0,0,0,0,848,848,848,1,4,0,2,420,140000,5,6
0,0,0,0,0,0,0,0,924,924,924,1,5,0,1,280,110000,6,5
0,0,0,0,0,0,0,0,1814,1826,1826,2,7,1,3,758,319000,5,8
1,0,0,0,0,0,0,0,684,684,1368,1,7,0,1,216,114504,7,6
0,0,0,0,0,0,0,0,1258,1402,1402,0,7,1,3,648,194201,5,7
0,0,0,0,0,0,0,0,1430,1647,1647,2,7,1,2,621,217500,6,5
1,0,0,0,1,0,0,0,716,716,1556,2,6,1,2,452,151000,6,6
0,0,0,0,0,0,0,0,1058,1058,1904,2,8,1,2,736,275000,5,8
1,0,0,0,1,0,0,0,780,780,1375,1,6,1,1,544,141000,6,6
0,0,0,0,0,0,0,0,908,927,1915,2,8,1,2,506,220000,5,8
3,0,0,0,0,0,0,0,600,600,1200,2,4,0,2,480,151000,5,7
0,0,0,0,0,0,0,0,1494,1494,1494,2,6,1,2,530,221000,5,7
0,0,0,0,0,0,0,0,768,1186,1986,2,7,3,2,486,205000,6,7
0,0,2,1,1,0,0,0,1040,1040,1040,1,6,0,2,576,152000,5,5
0,0,0,1,1,0,0,0,896,1112,2008,3,8,0,1,230,225000,8,5
0,0,0,1,0,0,0,0,965,1940,3194,2,10,2,2,380,359100,6,8
0,0,0,0,2,0,0,0,1029,1029,1029,1,5,0,1,261,118500,5,4
0,0,0,0,0,0,0,0,1440,1476,2153,2,8,2,3,736,313000,5,9
0,0,1,0,0,0,0,1,1032,1032,1032,2,6,1,2,564,148000,6,6
0,0,0,0,0,0,0,0,1299,1299,1872,2,7,1,2,531,261500,5,8
0,0,0,0,0,0,0,0,1120,1120,1120,1,6,0,0,0,147000,5,5
1,0,0,0,0,0,0,0,630,630,630,1,3,0,0,0,75500,6,4
0,0,0,0,1,0,0,0,936,1054,1054,1,6,0,2,480,137500,7,6
0,0,0,0,0,0,0,0,783,807,1509,2,7,1,2,393,183200,5,6
0,0,2,1,0,0,0,0,832,832,832,1,4,0,2,528,105500,6,6
0,0,0,0,0,0,0,0,1822,1828,1828,2,9,1,3,774,314813,5,9
0,0,0,0,0,0,0,0,1482,1482,2262,2,10,2,3,749,305000,5,8
0,0,0,0,0,0,0,0,864,864,864,1,5,0,0,0,67000,3,3
0,0,0,0,0,0,0,0,1522,1548,2614,2,9,1,2,624,240000,7,6
0,0,0,0,0,0,0,0,980,980,980,1,6,0,2,484,135000,6,5
3,0,0,0,0,0,0,0,756,756,1512,2,4,1,2,440,168500,5,6
0,0,0,0,0,0,0,0,732,1012,1790,1,8,1,2,484,165150,5,6
0,0,2,0,0,0,0,0,1116,1116,1116,1,5,0,2,440,160000,6,6
0,0,0,0,0,0,0,1,978,1422,1422,1,6,1,1,286,139900,5,5
0,0,0,0,0,0,0,0,1156,1520,1520,1,7,2,1,364,153000,6,6
0,0,0,2,0,0,0,0,1040,1040,2080,1,9,2,2,504,135000,5,5
0,0,2,0,0,0,0,0,1248,1350,1350,1,6,0,2,520,168500,5,6
1,0,2,0,0,0,0,0,636,1089,1750,1,8,0,1,240,124000,6,5
0,0,0,0,0,0,0,0,1554,1554,1554,2,6,1,2,627,209500,5,8
0,0,0,0,1,0,0,0,1386,1411,1411,2,6,1,2,544,82500,5,7
0,0,2,0,0,0,0,0,1056,1056,1056,1,6,0,1,260,139400,7,5
0,0,0,0,0,0,0,1,1056,1056,1056,0,4,0,2,576,144000,5,6
4,0,0,0,0,0,0,0,1440,1440,3395,2,14,0,0,0,200000,7,6
1,0,0,0,2,2,0,0,264,800,800,1,4,1,0,0,60000,3,2
1,0,0,0,0,0,0,0,811,811,1387,2,7,0,1,256,93000,4,5
0,0,0,0,0,0,0,0,796,796,796,1,4,0,0,0,85000,7,5
0,0,0,0,0,0,0,0,1520,1567,1567,2,7,1,3,648,264561,5,8
0,0,0,0,0,0,0,0,1518,1518,1518,1,6,1,2,588,274000,5,8
3,0,0,0,0,0,0,0,1057,1057,1929,2,7,1,2,650,226000,5,7
0,0,0,0,0,0,0,0,1952,2000,2704,2,9,3,2,538,345000,7,8
0,0,0,0,0,0,0,0,780,780,1620,2,7,0,2,462,152000,5,5
3,0,0,0,0,0,0,0,1766,1766,1766,2,7,1,3,478,370878,5,9
0,0,2,0,0,0,0,0,981,981,981,1,5,0,2,576,143250,5,6
0,0,0,0,0,0,0,0,0,1048,1048,1,7,0,2,420,98300,5,5
0,0,0,0,0,0,0,0,1094,1094,1094,1,5,2,2,495,155000,5,6
0,0,0,0,0,0,0,0,756,1051,1839,1,7,1,2,442,155000,5,6
1,0,0,0,0,0,0,0,630,630,630,1,3,0,0,0,84500,6,4
3,0,0,0,0,0,0,0,813,822,1665,2,7,0,2,562,205950,6,7
0,0,0,0,0,0,0,0,755,755,1510,1,7,1,1,296,108000,5,4
0,0,0,0,0,0,0,0,880,909,1716,2,7,1,2,512,191000,5,7
1,0,0,0,0,0,0,0,756,756,1469,1,7,0,1,216,135000,7,6
0,0,0,0,1,0,0,0,2109,2113,2113,2,7,1,3,839,350000,6,8
1,0,0,0,0,0,0,0,525,525,1092,1,6,0,1,264,88000,5,6
0,0,0,0,0,0,0,0,1053,1053,1053,1,5,0,1,312,145500,7,5
0,0,0,1,2,0,0,0,776,851,1502,1,6,1,1,270,149000,6,7
0,0,0,0,0,0,0,0,912,912,1458,1,6,1,1,330,97500,5,6
0,0,2,0,1,0,0,0,1486,1486,1486,1,7,0,2,480,167000,7,5
0,0,3,0,0,0,0,0,793,1142,1935,2,7,1,2,550,197900,7,7
0,0,3,0,0,0,0,0,1629,1686,2448,2,8,1,3,711,402000,7,8
0,0,2,0,0,0,0,0,1392,1392,1392,1,5,2,2,576,110000,3,6
0,0,0,0,0,0,0,0,1138,1181,1181,2,6,0,2,588,137500,5,4
0,0,3,0,0,0,0,0,2077,2097,2097,1,8,1,3,1134,423000,5,8
0,0,2,0,0,0,0,0,1406,1454,1936,2,7,1,2,504,230500,5,8
0,0,0,0,1,0,0,0,1021,1465,2380,2,7,1,2,596,129000,5,6
0,0,0,0,0,0,0,0,1408,1679,1679,2,7,1,2,575,193500,5,6
0,0,2,1,0,0,0,0,1188,1437,1437,1,6,1,2,576,168000,6,5
0,0,0,0,0,0,0,0,700,1180,1180,1,5,1,1,252,137500,5,4
0,0,1,0,0,0,0,0,738,738,1476,2,7,0,2,540,173500,5,6
4,0,0,0,1,0,0,0,672,697,1369,2,6,0,1,300,103600,6,6
0,0,0,0,0,0,0,0,1208,1208,1208,1,6,1,2,546,165000,6,6
0,0,0,0,0,0,0,0,1477,1839,1839,2,7,2,2,416,257500,7,6
0,0,0,0,0,0,0,0,1136,1136,1136,1,5,1,1,384,140000,6,6
0,0,0,0,0,0,0,0,855,855,1441,2,7,1,2,440,148500,6,6
1,0,0,0,0,1,0,0,1095,1095,1774,2,8,0,3,779,87000,2,4
0,0,0,0,0,0,0,0,768,792,792,1,5,0,1,240,109500,8,5
0,0,0,0,0,0,0,0,2046,2046,2046,2,7,1,3,834,372500,5,8
0,0,0,0,0,0,0,0,988,988,988,1,5,0,2,572,128500,5,5
0,0,0,0,0,0,0,0,923,923,923,2,5,1,1,264,143000,5,6
4,0,0,0,0,0,0,0,793,848,1520,1,6,0,1,281,159434,5,5
0,0,0,0,0,0,0,0,1291,1291,1291,1,6,1,2,431,173000,5,6
0,0,2,0,0,0,0,0,1626,1668,1668,2,7,1,3,702,285000,5,9
0,0,3,0,0,0,0,0,1195,1195,1839,2,7,0,2,486,221000,5,7
0,0,3,0,0,0,0,0,1190,1190,2090,2,6,1,2,577,207500,5,7
3,0,0,0,0,0,0,0,874,874,1761,3,7,0,2,578,227875,6,7
3,0,1,0,0,0,0,0,551,551,1102,2,4,0,2,480,148800,5,7
0,0,0,0,0,0,0,0,1419,1419,1419,2,7,1,2,567,392000,6,8
0,0,2,0,0,0,0,0,1362,1362,1362,2,6,1,2,460,194700,5,6
1,0,0,0,0,0,0,0,848,848,848,1,3,1,2,420,141000,5,6
0,0,2,0,0,0,0,0,2444,2444,4316,3,10,2,3,832,755000,6,10
0,0,0,1,0,0,0,0,1210,1238,2519,2,9,2,2,628,335000,5,7
0,0,2,2,0,0,0,0,1073,1073,1073,1,4,0,1,326,108480,6,5
1,0,2,0,2,0,0,0,927,1067,1539,1,5,0,2,576,141500,6,5
0,0,0,0,0,0,0,0,1112,1137,1137,2,5,1,2,551,176000,6,6
1,0,0,0,0,0,0,0,616,616,616,1,4,0,1,205,89000,7,5
0,0,0,0,0,0,0,0,980,1148,1148,1,6,0,1,308,123500,7,5
0,0,0,0,1,0,0,0,894,894,894,1,5,1,1,336,138500,8,5
3,0,0,0,0,0,0,0,1391,1391,1391,2,5,0,2,530,196000,5,7
0,0,0,0,0,0,0,0,1800,1800,1800,2,7,1,3,765,312500,5,8
0,0,0,0,0,0,0,0,1164,1164,1164,1,6,0,2,528,140000,5,7
0,0,0,0,0,0,0,0,1234,1264,2576,2,10,1,3,666,361919,5,8
1,0,0,0,1,0,0,0,360,1032,1812,2,8,1,2,672,140000,9,5
0,0,0,0,0,0,0,0,1473,1484,1484,2,7,0,2,606,213000,5,7
1,0,0,0,2,0,0,3,0,372,1092,2,7,0,0,0,55000,5,4
0,0,3,2,0,0,0,0,1643,1824,1824,2,5,2,2,739,302000,5,7
0,0,0,0,0,0,0,0,1324,1324,1324,2,6,1,2,550,254000,5,8
0,0,0,0,0,0,0,0,728,728,1456,2,8,1,2,400,179540,5,7
0,0,0,0,0,0,0,0,876,904,904,1,6,0,1,408,109900,7,5
0,0,0,0,0,0,0,0,270,729,729,1,5,0,0,0,52000,6,3
2,0,0,1,0,0,0,0,859,859,1178,1,7,0,1,384,102776,7,4
0,0,0,0,0,0,0,0,1228,1228,1228,2,5,1,2,472,189000,5,8
0,0,0,0,0,1,0,0,960,960,960,1,6,0,2,576,129000,5,4
0,0,3,0,0,0,0,0,725,725,1479,2,6,0,2,475,130500,8,6
0,0,0,0,0,0,0,0,1064,1350,1350,2,7,1,2,478,165000,5,6
1,0,0,0,1,0,0,0,718,1576,2554,1,8,0,2,704,159500,8,7
0,0,0,0,0,0,0,0,1176,1178,1178,1,5,1,2,439,157000,6,5
0,0,0,0,0,0,0,0,1311,1325,2418,2,9,1,3,983,341000,5,7
0,0,0,0,0,0,0,0,971,971,971,1,5,1,1,300,128500,6,5
0,0,3,1,0,0,0,0,1742,1742,1742,2,5,1,2,564,275000,5,8
1,0,0,0,0,0,0,0,848,848,848,1,3,0,2,420,143000,5,6
0,0,0,0,1,0,0,0,864,864,864,1,5,0,2,463,124500,7,4
0,0,0,0,0,0,0,0,941,997,1470,2,7,0,1,548,135000,6,4
0,0,0,0,0,0,0,0,1698,1698,1698,2,8,1,3,768,320000,5,9
0,0,0,0,0,0,0,1,864,864,864,1,5,0,2,660,120500,6,4
0,0,2,0,1,0,0,0,880,1680,1680,2,5,1,2,540,222000,9,6
0,0,0,0,0,0,0,0,1232,1232,1232,2,6,0,2,632,194500,5,7
0,0,2,0,0,0,0,0,1584,1776,1776,2,9,0,3,888,110000,5,5
1,0,0,0,0,0,0,0,780,848,1208,1,5,0,2,539,103000,5,4
0,0,0,0,0,0,0,0,1595,1616,1616,2,5,1,2,608,236500,5,8
0,0,2,0,0,0,0,0,868,1146,1146,2,6,1,2,438,187500,5,7
0,0,0,0,0,0,0,0,1153,1153,2031,2,8,1,2,541,222500,5,7
0,0,2,0,0,0,0,1,864,1144,1144,1,6,1,1,264,131400,6,5
0,0,2,0,0,0,0,0,948,948,948,1,6,0,1,300,108000,5,5
1,0,0,0,0,1,0,0,880,880,1768,1,6,2,2,320,163000,7,7
0,0,0,0,0,0,0,0,0,1040,1040,2,6,0,2,400,93500,4,3
0,0,3,0,0,0,0,0,893,901,1801,2,8,1,3,800,239900,5,8
0,0,0,0,0,0,0,0,1200,1200,1200,3,5,0,0,0,179000,5,5
0,0,0,0,0,0,0,0,864,864,1728,2,7,0,2,572,190000,5,7
1,0,0,0,1,0,0,0,264,768,1432,2,7,0,2,360,132000,7,5
0,0,0,0,1,0,0,0,912,912,912,1,5,0,1,288,142000,8,6
0,0,0,0,0,0,0,0,1349,1349,1349,2,6,0,2,539,179000,5,7
0,0,0,0,0,0,0,0,520,1464,1464,2,6,1,2,480,175000,6,5
0,0,0,0,0,0,0,0,1337,1337,1337,2,5,1,2,462,180000,5,8
0,0,0,0,1,0,0,0,1142,1175,2715,3,11,2,2,831,299800,9,8
0,0,0,0,0,0,0,0,952,980,2256,2,8,1,2,554,236000,5,7
1,0,2,0,0,1,0,0,1240,1320,2640,1,8,1,4,864,265979,7,7
0,0,0,0,0,0,0,0,1720,1720,1720,2,7,1,2,527,260400,5,7
0,0,0,0,0,3,0,0,0,1088,1529,2,9,0,1,240,98000,3,4
1,0,2,0,0,0,0,0,576,792,1140,1,7,0,0,0,96500,7,4
0,0,0,0,0,0,0,0,660,660,1320,2,6,0,2,400,162000,5,7
0,0,0,0,1,0,0,0,1479,1494,1494,2,6,0,2,576,217000,5,6
0,0,0,0,0,0,0,0,1030,1038,2098,2,8,1,3,878,275500,5,8
0,0,0,0,0,0,0,0,1026,1026,1026,1,5,0,2,440,156000,8,6
3,0,0,0,0,0,0,0,729,742,1471,2,6,0,2,440,172500,5,6
0,0,0,0,0,0,0,0,866,866,1768,2,7,0,2,578,212000,5,8
0,0,3,0,0,0,0,0,672,672,1386,2,6,1,2,440,158900,5,6
3,0,0,0,0,0,0,0,744,757,1501,2,6,0,2,440,179400,5,7
0,0,0,0,0,0,0,0,1318,1328,2531,2,9,1,3,752,290000,5,8
0,0,0,0,0,0,0,1,864,864,864,1,5,0,1,300,127500,6,6
1,0,1,0,0,0,0,0,1145,1301,1301,1,5,0,2,440,100000,5,5
3,0,0,0,0,0,0,0,756,764,1547,2,7,0,2,614,215200,5,7
0,0,0,0,0,0,0,0,1252,1268,2365,2,8,1,3,856,337000,5,8
0,0,3,0,1,0,0,0,1494,1494,1494,1,6,1,2,481,270000,5,8
0,0,0,0,0,0,0,0,1498,1506,1506,2,6,1,2,592,264132,5,9
0,0,0,0,0,0,0,1,980,980,1714,2,7,1,2,496,196500,5,7
0,0,0,0,0,0,0,1,983,983,1750,2,7,0,1,423,160000,7,6
0,0,0,0,0,0,0,0,1860,1836,1836,2,8,1,2,484,216837,5,7
0,0,3,1,0,0,0,0,1650,1690,3279,3,12,1,3,841,538000,5,8
0,0,3,0,0,0,0,0,858,858,858,1,5,0,2,576,134900,5,5
0,0,0,0,0,0,0,0,836,1220,1220,1,6,0,2,396,102000,5,4
0,0,0,0,0,0,0,0,1029,1117,1117,1,6,1,2,672,107000,5,6
0,0,0,0,0,0,0,0,912,912,912,1,5,0,1,275,114500,5,5
0,0,2,0,0,0,0,0,1935,1973,1973,2,9,1,3,895,395000,5,8
1,0,1,0,0,0,0,0,1204,1204,1204,2,5,0,2,412,162000,5,6
0,0,0,0,0,0,0,0,1614,1614,1614,2,7,0,3,865,221500,5,7
0,0,0,0,0,0,0,0,864,894,894,1,5,1,2,440,142500,5,5
4,0,0,0,0,0,0,0,0,2020,2020,2,10,2,2,630,144000,5,5
0,0,0,0,0,0,0,0,975,1004,1004,1,4,0,2,504,135000,5,6
0,0,0,0,0,0,0,0,1237,1253,1253,2,6,1,2,402,176000,5,7
0,0,0,0,1,0,0,0,761,810,1603,2,7,0,2,484,175900,5,6
0,0,0,0,0,0,0,0,1413,1430,1430,2,6,0,2,605,187100,5,7
0,0,2,0,1,0,0,0,1097,1110,1110,1,4,1,2,602,165500,6,5
1,0,0,0,0,0,0,0,742,742,1484,2,9,1,0,0,128000,6,6
0,0,0,0,0,0,0,0,1372,1342,1342,2,7,1,2,457,161500,5,6
1,0,0,0,1,0,0,1,686,966,1652,2,7,0,1,416,139000,6,5
0,0,0,0,0,0,0,0,956,956,2084,2,8,0,2,618,233000,5,7
1,0,2,0,0,0,0,0,901,901,901,1,4,0,1,281,107900,7,4
0,0,0,0,0,0,0,0,832,976,2087,2,9,0,2,444,187500,8,6
0,0,0,0,0,0,0,0,1145,1145,1145,2,5,1,2,397,160200,5,7
0,0,2,0,0,0,0,0,1029,1062,1062,1,5,2,2,539,146800,5,6
0,0,3,0,0,0,0,0,1117,1127,2013,2,8,1,2,455,269790,5,7
0,0,0,0,0,0,0,0,1496,1496,1496,2,7,0,2,474,225000,5,8
0,0,2,0,0,0,0,1,712,1086,1895,2,7,1,2,409,194500,5,7
0,0,0,0,0,0,0,0,650,888,1564,2,7,1,2,476,171000,6,6
0,0,0,0,0,0,0,0,660,1285,1285,1,7,1,2,528,143500,5,6
0,0,0,0,0,0,0,0,773,773,773,1,4,0,1,240,110000,5,5
0,0,0,0,0,0,0,0,1926,1966,3140,3,11,2,3,820,485000,5,9
0,0,2,0,0,0,0,0,731,981,1768,1,7,2,1,240,175000,7,5
0,0,0,1,0,0,0,1,616,616,1688,2,8,0,2,603,200000,5,6
1,0,0,0,0,0,0,0,1196,1196,1196,1,5,0,2,440,109900,7,4
0,0,0,0,0,0,0,0,728,728,1456,2,7,1,2,410,189000,5,7
0,0,0,0,0,0,0,0,1734,1734,2822,3,12,1,3,1020,582933,5,9
0,0,0,0,0,0,0,0,936,1128,1128,1,5,0,1,286,118000,5,5
0,0,1,0,0,0,0,0,1417,1428,1428,2,6,0,2,554,227680,5,7
0,0,0,0,0,0,0,0,980,980,980,2,6,0,1,384,135500,5,5
0,0,0,0,0,0,0,0,1324,1072,1576,1,6,1,2,528,223500,6,5
0,0,0,0,0,0,0,0,1024,1086,1086,1,6,1,2,484,159950,5,5
1,0,2,0,0,0,0,0,849,1075,2138,2,11,0,2,360,106000,5,5
0,0,0,0,0,0,2,0,1040,1309,1309,1,5,1,2,484,181000,6,6
1,0,0,0,0,0,0,0,848,848,848,1,4,1,2,420,144500,5,6
2,0,0,1,0,0,0,1,540,1044,1044,1,4,0,2,504,55993,5,5
0,0,0,0,0,0,0,1,1442,1442,1442,1,7,0,1,301,157900,6,6
0,0,0,0,0,1,0,0,686,686,1250,1,7,0,1,280,116000,7,5
0,0,3,0,0,0,0,0,1649,1661,1661,2,6,0,2,598,224900,5,7
0,0,2,0,0,0,0,0,1008,1008,1008,1,4,1,1,275,137000,6,5
0,0,3,0,0,0,0,0,1568,1689,1689,2,7,2,3,857,271000,5,8
0,0,0,0,0,0,0,0,1010,1052,1052,1,6,0,2,440,155000,7,6
0,0,0,0,0,0,0,0,1358,1358,1358,2,6,1,2,484,224000,5,7
0,0,3,0,0,0,0,0,798,798,1640,2,6,0,2,595,183000,5,7
1,0,0,1,0,0,0,0,936,936,936,1,4,0,2,576,93000,4,4
0,0,2,0,0,0,0,0,847,847,1733,2,7,1,2,433,225000,5,7
0,0,0,0,0,0,0,0,778,944,1489,2,7,1,1,240,139500,7,6
3,0,0,0,0,0,0,0,1489,1489,1489,2,7,1,2,776,232600,5,8
0,0,0,0,0,0,0,0,2078,2084,2084,2,7,1,3,1220,385000,5,10
1,0,0,0,0,0,0,0,784,784,784,1,5,0,0,0,109500,6,5
0,0,0,0,0,0,0,0,1454,1434,1434,2,6,1,2,527,189000,5,7
0,0,3,2,0,0,0,0,1013,1160,2126,2,7,0,2,538,185000,5,5
3,0,0,0,0,0,0,0,600,520,1223,2,4,0,2,480,147400,5,7
0,0,2,0,0,0,0,0,1392,1392,1392,1,6,2,2,458,166000,5,6
3,0,0,0,0,0,0,0,600,520,1200,2,4,0,2,480,151000,5,7
0,0,3,0,0,0,0,0,941,941,1829,2,7,1,2,613,237000,6,7
0,0,0,0,0,0,0,0,1516,1516,1516,1,6,0,2,472,167000,6,6
0,0,0,0,0,0,0,0,1144,1144,1144,1,6,0,2,456,139950,6,5
0,0,0,0,0,0,0,0,1067,1067,1067,2,4,0,2,436,128000,7,4
1,0,0,0,0,0,0,0,1559,1559,1559,1,5,0,2,812,153500,6,5
1,0,0,0,0,0,0,0,483,483,987,1,5,0,1,264,100000,5,6
0,0,0,0,0,0,0,0,1099,1099,1099,1,6,0,1,352,144000,6,5
0,0,0,0,0,0,0,0,768,768,1200,1,6,0,1,240,130500,6,5
4,0,0,0,0,0,0,0,672,810,1482,2,7,0,1,400,140000,8,6
1,0,0,0,0,0,0,0,650,958,1539,2,8,1,2,686,157500,8,5
0,0,0,0,0,0,0,0,1127,1165,1165,1,6,0,2,490,174900,7,6
0,0,2,0,0,0,0,0,1800,1800,1800,2,10,0,0,0,141000,4,5
1,0,0,0,0,0,0,0,876,876,1416,1,7,1,3,720,153900,8,5
0,0,3,0,0,0,0,0,1390,1701,1701,2,6,2,2,611,171000,5,5
0,0,0,0,0,0,0,0,740,1006,1775,2,7,1,2,425,213000,5,7
0,0,3,0,0,0,0,0,864,864,864,1,5,1,1,338,133500,6,5
0,0,0,0,0,0,0,0,907,1307,2358,3,10,1,2,360,240000,8,6
0,0,1,0,1,0,0,0,528,1094,1855,2,7,1,2,512,187000,7,6
1,0,0,0,0,0,0,0,848,848,848,1,3,0,2,420,131500,5,6
0,0,0,0,0,0,0,0,1273,1456,1456,2,7,1,2,400,215000,5,8
0,0,0,0,1,0,0,0,918,918,1646,2,7,2,1,240,164000,5,7
0,0,2,0,1,0,0,0,1127,1445,1445,1,7,1,2,645,158000,6,6
0,0,0,0,0,0,0,0,1763,1779,1779,1,6,1,2,454,170000,4,5
0,0,2,0,1,0,0,0,1040,1040,1040,1,6,0,1,260,127000,8,5
0,0,0,1,0,0,0,0,940,1026,1026,1,5,0,2,576,147000,6,6
0,0,0,0,0,0,0,0,702,702,1481,2,6,1,2,343,174000,5,6
0,0,0,0,0,0,0,0,1090,1370,1370,2,6,1,2,479,152000,5,7
0,0,2,0,0,0,0,0,1054,1512,2654,2,9,1,2,619,250000,7,6
0,0,2,0,0,0,0,0,912,912,1426,1,7,1,1,216,189950,8,7
0,0,0,0,0,0,0,0,1039,1039,1039,1,6,0,2,504,131500,4,5
0,0,2,0,0,0,0,0,1040,1097,1097,2,6,0,2,480,152000,5,6
0,0,0,0,0,0,0,0,1148,1148,1148,1,6,0,1,672,132500,5,5
3,0,0,0,0,0,0,0,1372,1372,1372,2,6,0,2,529,250580,5,7
0,0,0,0,0,0,0,0,1002,1002,1002,1,5,0,2,902,148500,6,5
0,0,0,0,0,0,0,0,1638,1646,1646,2,6,1,3,870,248900,5,8
0,0,2,0,0,0,0,1,1040,1120,1120,1,5,0,2,544,129000,5,4
0,0,2,0,0,0,0,0,0,1547,2320,2,7,1,2,672,169000,6,5
0,0,0,0,0,0,0,0,1050,1062,1949,2,8,1,2,574,236000,5,7
0,0,0,0,0,0,0,0,894,894,894,1,5,0,1,308,109500,5,5
0,0,0,0,0,0,0,0,804,804,1682,2,7,0,2,523,200500,5,6
0,0,2,0,0,0,0,0,105,910,910,1,5,0,2,414,116000,7,5
0,0,0,0,0,0,0,3,832,1036,1268,1,6,1,1,288,133000,7,5
1,0,0,0,0,0,0,0,676,676,1131,1,5,0,1,200,66500,6,5
3,0,0,0,0,0,0,0,1184,1184,2610,2,11,1,2,550,303477,5,8
0,0,0,1,0,0,0,0,1064,1040,1040,1,5,0,2,648,132250,5,4
0,0,0,0,0,0,0,0,1462,1462,2224,2,10,1,3,738,350000,5,9
0,0,0,0,0,0,0,1,1109,1155,1155,1,6,0,2,576,148000,7,5
0,0,3,0,1,0,0,0,864,864,864,1,6,0,1,336,136500,8,5
0,0,0,0,0,0,0,0,1090,1090,1090,1,5,0,2,450,157000,5,5
0,0,3,0,1,0,0,0,1156,1187,1717,2,7,1,2,400,187500,5,7
0,0,2,0,0,0,0,0,808,808,1593,2,7,1,2,389,178000,5,6
0,0,0,0,0,0,0,0,795,954,2230,1,10,0,1,440,118500,5,4
0,0,0,0,0,0,0,0,892,892,892,1,5,0,1,288,100000,5,5
3,0,3,0,0,0,0,0,1698,1709,1709,2,5,1,2,506,328900,5,9
0,0,2,0,0,0,0,0,1626,1712,1712,2,8,0,2,588,145000,5,5
0,0,0,0,1,0,0,0,816,872,1393,1,8,0,1,300,135500,7,5
0,0,0,1,1,0,0,0,2217,2217,2217,2,8,1,2,621,268000,6,8
0,0,0,0,0,0,0,0,1505,1505,1505,1,6,1,2,505,149500,4,6
0,0,2,0,1,0,0,1,672,672,924,1,6,1,2,576,122900,7,5
0,0,0,0,0,0,0,0,918,918,1683,2,7,1,2,440,172500,5,6
0,0,0,0,0,0,0,0,1059,1068,1068,1,6,0,1,264,154500,8,6
0,0,0,0,0,0,0,0,1383,1383,1383,1,6,1,1,354,165000,5,5
0,0,0,0,0,0,0,0,0,1535,1535,2,8,0,2,400,118858,5,5
0,0,0,0,0,0,0,0,780,983,1796,1,8,1,2,483,140000,5,6
1,0,0,0,0,0,0,0,951,951,951,1,6,0,1,327,106500,6,4
0,0,0,0,0,0,0,0,0,1120,2240,2,12,0,2,528,142953,5,5
0,0,0,0,0,0,0,0,2330,2364,2364,2,11,2,3,820,611657,5,9
0,0,0,0,0,0,0,0,912,1236,1236,1,6,1,1,288,135000,7,5
0,0,0,0,0,0,0,0,858,858,858,1,4,0,1,684,110000,6,4
0,0,0,0,1,0,0,0,992,1306,1306,1,5,0,1,756,153000,7,5
0,0,0,0,0,0,0,0,783,807,1509,2,8,1,2,393,180000,5,7
0,0,3,0,0,0,0,0,1670,1670,1670,2,7,1,3,690,240000,5,7
0,0,0,0,0,0,0,0,876,902,902,1,6,0,1,288,125500,6,5
0,0,0,0,0,0,0,0,1056,1063,1063,1,6,0,1,280,128000,5,5
0,0,2,0,0,0,0,0,1623,1636,1636,2,8,1,3,865,255000,5,8
0,0,0,0,0,0,0,0,1017,1020,2057,1,6,1,1,180,250000,7,7
0,0,0,1,0,0,0,0,864,902,902,1,5,0,2,484,131000,5,5
0,0,0,0,0,0,0,0,742,742,1484,2,8,1,2,390,174000,5,6
0,0,2,0,0,0,0,0,1105,1105,2274,2,12,0,2,480,154300,5,5
0,0,3,1,0,0,0,0,1268,1268,1268,1,5,0,1,252,143500,7,5
1,0,0,0,0,0,0,1,768,1015,1015,1,6,0,1,450,88000,7,5
4,0,0,0,0,0,0,0,1001,1001,2002,2,8,0,3,871,145000,6,5
3,0,0,0,0,0,0,0,612,612,1224,2,4,0,2,528,173733,5,6
1,0,0,0,0,0,0,0,546,546,1092,1,6,0,1,286,75000,5,4
2,0,0,0,0,0,0,0,480,480,480,0,4,0,1,308,35311,3,2
0,0,0,0,0,0,0,0,1134,1229,1229,1,6,0,1,284,135000,6,4
0,0,2,0,0,0,0,0,1104,912,2127,2,8,1,3,833,238000,5,7
0,0,2,0,0,0,0,0,1184,1414,1414,1,6,1,2,601,176500,8,6
0,0,0,0,1,0,0,0,928,936,1721,2,7,0,2,471,201000,5,6
0,0,0,0,0,0,0,0,1272,1272,2200,2,9,0,0,0,145900,7,5
0,0,0,0,0,0,0,0,1316,1316,1316,2,6,1,2,397,169990,5,6
0,0,0,0,0,0,0,0,1604,1617,1617,2,5,1,2,533,193000,5,6
0,0,0,0,1,0,0,0,1686,1686,1686,2,7,1,2,612,207500,6,6
0,0,2,0,0,0,0,0,1126,1126,1126,2,6,0,2,540,175000,6,5
0,0,0,0,0,0,0,0,1181,1234,2374,2,10,1,3,656,285000,5,8
0,0,0,0,0,0,0,0,832,1098,1978,2,9,1,2,486,176000,5,7
0,0,0,0,0,0,0,0,1753,1788,1788,2,7,1,2,522,236500,5,8
0,0,2,0,0,0,0,0,964,993,2236,2,8,1,2,642,222000,5,7
0,0,0,0,0,0,0,0,1466,1466,1466,2,7,0,3,610,201000,5,8
0,0,0,0,0,0,0,0,925,925,925,1,5,0,1,429,117500,6,5
0,0,2,0,0,0,0,0,1905,1905,1905,2,8,1,3,788,320000,5,9
0,0,1,0,0,0,0,0,1500,1500,1500,2,6,0,2,570,190000,5,7
0,0,0,1,0,0,0,0,585,2069,2069,2,9,1,2,505,242000,7,7
0,0,0,0,1,0,0,0,600,747,747,1,5,0,2,528,79900,5,4
0,0,0,0,0,0,0,0,1176,1200,1200,2,5,0,2,555,184900,5,7
0,0,0,0,0,0,0,0,1113,1113,1971,2,8,1,2,689,253000,5,7
0,0,0,0,0,0,0,0,1391,1391,1962,2,7,0,3,868,239799,5,7
0,0,0,0,1,0,0,0,1032,1207,2403,2,10,2,1,349,244400,7,7
0,0,0,0,0,0,0,0,1728,1728,1728,2,8,0,2,574,150900,5,6
0,0,1,0,0,0,0,0,992,1022,2060,2,8,1,2,390,214000,5,7
0,0,0,0,0,0,0,0,1440,1440,1440,2,8,0,0,0,150000,3,4
0,0,0,0,0,0,0,0,1632,1632,1632,2,8,0,2,576,143000,4,5
0,1,3,0,0,0,0,0,819,1344,1344,1,7,1,2,525,137500,6,6
1,0,2,0,0,0,0,0,1088,1188,1869,1,7,0,2,456,124900,6,5
0,0,0,0,1,0,0,0,1144,1144,1144,1,6,1,1,796,143000,6,5
0,0,0,0,0,0,0,0,1616,1629,1629,2,9,1,3,808,270000,5,8
0,0,0,0,0,0,0,0,936,936,1776,2,7,1,2,474,192500,5,7
0,0,0,0,0,0,0,0,1161,1381,1381,1,5,1,2,676,197500,7,6
0,0,0,0,0,0,0,0,864,864,864,1,5,0,2,720,129000,8,5
4,0,2,0,0,0,0,0,828,965,965,1,6,0,1,300,119900,5,5
0,0,0,0,1,0,0,0,768,768,768,1,5,0,1,396,133900,8,5
0,0,0,1,0,0,0,1,784,1168,1968,2,7,1,2,530,172000,4,5
0,0,3,0,0,0,0,0,945,980,980,2,4,0,0,0,127500,5,6
4,0,0,0,0,0,0,0,979,979,1958,2,8,0,2,492,145000,6,6
1,0,0,0,0,0,0,0,561,561,1229,1,5,1,2,462,124000,6,6
0,0,0,0,0,0,0,0,1057,1057,1057,1,6,0,2,576,132000,5,5
0,0,0,0,0,0,0,0,1337,1337,1337,2,6,0,2,531,185000,5,7
3,0,1,0,0,0,0,0,696,696,1416,2,6,0,2,484,155000,5,7
0,0,0,0,1,0,0,0,858,858,858,1,4,0,0,0,116500,7,5
0,0,2,0,1,0,0,0,1330,1542,2872,2,11,1,2,619,272000,7,6
0,0,2,0,0,0,0,0,804,804,1548,2,7,1,2,440,155000,6,6
0,0,2,0,0,0,0,0,1800,1800,1800,2,7,0,2,702,239000,5,9
0,0,2,0,0,0,0,0,817,824,1894,2,8,1,2,510,214900,5,7
0,0,0,0,0,0,0,0,783,783,1484,2,8,1,2,393,178900,5,6
0,0,0,0,1,0,0,0,728,976,1308,1,7,2,1,256,160000,7,5
0,0,0,0,0,0,0,0,1098,1098,1098,1,6,0,1,260,135000,7,5
1,0,0,0,0,2,0,0,600,600,968,1,6,0,0,0,37900,6,3
0,0,0,0,2,0,0,0,588,1095,1095,1,6,0,1,264,140000,5,6
0,0,0,0,0,0,0,0,720,720,1192,1,6,0,0,0,135000,4,4
0,0,0,0,0,0,0,0,764,764,1626,2,6,0,2,474,173000,5,7
0,0,0,0,0,0,0,0,918,918,918,2,5,1,1,264,99500,5,6
3,0,2,0,0,0,0,0,1428,1428,1428,2,6,0,2,480,182000,5,7
0,0,2,0,1,0,0,0,728,1136,2019,1,8,0,2,532,167500,8,7
3,0,1,0,0,0,0,0,673,673,1382,2,6,0,2,490,165000,5,7
0,0,0,0,0,0,0,0,440,869,869,1,4,0,0,0,85500,7,4
3,0,0,0,0,0,0,0,1241,1241,1241,1,4,0,2,569,199900,5,7
0,0,0,1,0,0,0,0,894,894,894,1,5,0,2,400,110000,5,4
0,0,2,0,0,0,0,0,1121,1121,1121,1,5,0,2,480,139000,6,5
0,0,2,0,0,0,0,0,944,999,999,1,6,0,2,588,178400,9,7
0,0,2,0,0,0,0,0,1225,1276,2612,2,8,1,3,676,336000,5,8
0,0,0,0,0,0,0,0,1266,1266,1266,2,6,1,2,388,159895,5,7
0,0,2,0,0,0,0,0,1128,1149,2290,2,9,1,2,779,255900,5,8
0,0,0,0,0,0,0,0,0,1302,1734,2,8,0,2,539,126000,5,5
0,0,0,0,0,1,0,0,1164,1164,1164,1,5,0,1,240,125000,5,5
1,0,2,0,1,0,0,0,485,1001,1635,1,5,0,1,255,117000,8,6
0,0,0,0,0,0,0,0,1930,1940,1940,2,8,1,3,606,395192,5,9
0,0,0,0,0,0,0,0,848,1118,2030,2,8,1,2,551,195000,6,6
3,0,0,0,0,0,0,0,770,778,1576,2,6,0,2,614,197000,5,7
0,0,0,0,0,0,0,0,1396,1407,2392,2,7,1,3,870,348000,5,8
1,0,2,0,1,0,0,0,916,916,1742,1,8,1,2,424,168000,9,8
0,0,0,1,0,0,0,0,822,1020,1851,2,7,1,2,440,187000,8,6
0,0,0,0,0,0,0,0,750,750,1500,2,6,0,2,564,173900,5,6
0,0,1,0,0,0,0,0,1700,1718,1718,2,7,1,3,786,337500,5,10
0,0,0,1,0,0,0,0,747,774,1230,1,5,0,1,305,121600,7,4
0,0,0,0,0,0,0,0,1050,1050,1050,1,6,0,1,368,136500,6,5
0,0,0,0,0,0,0,0,1442,1442,1442,2,6,1,2,615,185000,6,6
1,0,0,0,0,0,0,0,1007,1077,1077,1,6,1,1,210,91000,4,3
0,0,0,0,0,0,0,0,1187,1208,1208,2,6,0,2,632,206000,5,7
0,0,2,0,0,1,0,0,0,944,944,1,4,0,2,528,82000,3,3
0,0,2,0,0,0,0,0,691,691,691,1,4,0,1,216,86000,6,5
0,0,0,0,0,0,0,0,1574,1574,1574,2,7,1,3,824,232000,5,8
0,0,2,0,0,0,0,0,1680,1680,1680,2,8,0,2,528,136905,6,5
0,0,0,0,0,0,0,0,1346,1504,1504,2,7,1,2,457,181000,5,7
0,0,0,0,0,0,0,0,985,985,985,2,6,0,1,328,149900,8,5
0,0,0,0,0,0,0,0,1657,1657,1657,2,7,1,2,484,163500,3,6
1,0,0,0,0,0,0,0,546,546,1092,1,6,0,1,286,88000,4,4
0,0,3,0,0,0,0,0,1710,1710,1710,2,7,1,2,550,240000,5,7
0,0,0,0,2,0,0,0,1008,1008,1522,2,7,0,0,0,102000,5,5
0,0,0,0,0,0,0,0,720,720,1271,2,7,1,1,312,135000,5,5
0,0,0,0,0,0,0,0,0,1664,1664,2,8,0,0,0,100000,5,5
0,0,0,0,1,0,0,0,602,900,1502,1,7,2,1,180,165000,7,6
1,0,0,0,0,1,0,0,1022,1022,1022,1,4,0,1,280,85000,4,5
0,0,0,0,0,0,0,0,1082,1082,1082,1,5,1,1,240,119200,5,6
0,0,0,0,0,0,0,0,810,810,1665,2,6,0,2,528,227000,6,8
0,0,0,0,0,0,0,0,1504,1504,1504,2,6,1,2,478,203000,5,7
0,0,3,0,0,0,0,0,1220,1360,1360,1,4,1,2,565,187500,5,8
0,0,1,0,0,0,0,0,384,802,1472,2,7,1,2,402,160000,5,7
0,0,0,0,0,0,0,0,1362,1506,1506,2,6,1,2,440,213490,5,7
0,0,0,0,0,0,0,0,1132,1132,1132,1,5,0,2,451,176000,5,4
0,0,0,0,0,0,0,0,1199,1220,1220,2,6,0,2,632,194000,5,7
1,0,0,0,0,0,0,0,912,912,1248,1,6,0,1,160,87000,5,5
0,0,0,0,0,0,0,0,1346,1504,1504,2,7,1,2,437,191000,5,7
0,0,2,0,0,0,0,0,1565,2898,2898,2,10,1,2,665,287000,6,8
0,0,2,0,0,0,0,0,882,882,882,1,5,0,2,461,112500,5,5
0,0,0,0,0,0,0,0,1268,1264,1264,1,6,2,2,461,167500,5,5
0,0,0,0,0,0,0,0,1638,1646,1646,2,7,1,3,800,293077,5,8
0,0,0,0,0,0,0,0,768,968,1376,1,6,1,1,240,105000,5,5
1,0,0,0,0,0,0,0,672,672,1218,1,7,0,1,264,118000,7,6
4,0,0,0,0,0,0,0,686,948,1928,2,10,0,0,0,160000,8,5
0,0,2,0,0,0,0,0,824,1687,3082,2,12,2,2,672,197000,3,7
0,0,2,0,1,0,0,0,1338,1352,2520,2,10,1,3,796,310000,7,8
0,0,0,0,0,0,0,0,1654,1654,1654,2,6,0,3,900,230000,5,7
0,0,0,0,1,0,0,0,920,954,954,1,5,1,1,240,119750,7,5
0,0,3,0,1,0,0,0,0,845,845,1,5,0,1,290,84000,3,4
0,0,0,0,0,0,0,0,1620,1620,1620,2,6,1,3,912,315500,5,9
0,0,0,0,0,0,0,0,1055,1055,2263,2,7,1,2,905,287000,5,8
1,0,0,0,0,0,0,0,546,798,1344,1,6,1,0,0,97000,6,4
1,0,0,0,0,0,0,0,630,630,630,1,3,0,1,286,80000,4,4
0,0,2,0,0,0,0,0,1134,1803,1803,2,8,1,2,484,155000,4,5
0,0,0,0,0,0,0,0,800,800,1632,1,7,0,2,484,173000,8,6
0,0,0,0,0,0,0,0,1306,1306,1306,2,5,1,2,624,196000,5,6
0,0,0,0,0,0,0,0,1475,1532,2329,2,10,1,2,514,262280,5,7
0,0,0,0,0,0,0,0,2524,2524,2524,2,9,1,2,542,278000,5,8
0,0,3,0,0,0,0,0,0,1733,1733,2,8,1,2,452,139600,5,3
0,0,0,0,0,0,0,0,1992,1992,2868,3,11,1,3,716,556581,5,9
0,0,0,0,0,0,0,0,990,990,990,1,5,0,2,672,145000,5,5
0,0,0,0,2,0,0,0,0,1771,1771,1,9,1,2,336,115000,4,5
0,0,0,0,0,0,0,0,0,930,930,1,6,0,1,308,84900,7,4
0,0,0,0,0,0,0,0,1302,1302,1302,2,6,0,2,436,176485,5,7
0,0,2,0,0,0,0,0,1316,1316,1316,2,6,1,2,440,200141,5,7
0,0,2,0,0,0,0,0,816,1127,1977,1,9,1,2,540,165000,6,6
0,0,0,1,0,0,0,0,1216,1526,1526,1,7,1,1,364,144500,6,5
0,0,2,0,0,0,0,0,1065,1091,1989,2,7,1,2,586,255000,5,8
0,0,0,0,0,0,0,0,1193,1523,1523,2,7,1,2,478,180000,5,6
0,0,0,0,0,0,0,0,1364,1364,1364,2,6,1,2,484,185850,5,7
0,0,1,0,0,0,0,0,973,979,1850,2,7,1,2,467,248000,6,7
0,0,0,0,0,0,0,0,1104,1130,2184,2,10,1,3,836,335000,5,9
0,0,2,1,0,0,0,0,854,1096,1991,1,7,1,2,432,220000,7,6
0,0,0,0,0,0,0,0,1338,1338,1338,2,6,0,2,582,213500,5,8
2,0,0,0,0,0,0,1,894,894,894,1,6,0,3,1248,81000,4,3
1,0,0,0,0,0,0,0,662,1422,2337,2,10,0,2,560,90000,5,5
1,0,0,0,1,0,0,0,1103,1103,1103,1,5,1,2,440,110500,6,6
0,0,3,0,0,0,0,0,1154,1154,1154,1,6,1,2,480,154000,6,5
0,0,0,1,0,0,0,0,1306,1306,2260,2,7,0,2,533,328000,5,7
0,0,0,0,0,0,0,0,799,799,1571,2,7,1,2,380,178000,7,6
0,0,0,1,0,0,0,0,780,798,1611,1,7,0,2,442,167900,6,6
1,0,0,0,0,0,0,0,942,1291,2521,2,10,1,2,576,151400,4,6
0,0,0,0,0,0,0,0,845,893,893,1,4,0,2,576,135000,7,5
0,0,0,0,0,0,0,0,1048,1048,1048,1,6,0,1,286,135000,5,5
0,0,0,0,0,0,0,0,727,829,1556,1,8,0,2,441,154000,6,6
0,0,0,0,0,0,0,0,810,1002,1456,1,7,1,1,280,91500,3,5
0,0,2,0,0,0,0,0,690,698,1426,1,6,0,2,440,159500,6,6
0,0,0,0,0,0,0,0,1240,1240,1240,2,5,0,3,826,194000,5,7
0,0,0,0,0,0,0,0,800,960,1740,1,6,2,1,240,219500,6,7
0,0,0,0,0,0,0,1,796,1096,1466,2,7,1,2,566,170000,8,5
0,0,2,0,0,0,0,0,1096,1096,1096,1,6,0,1,299,138800,5,5
1,0,0,0,0,0,0,0,848,848,848,1,3,1,2,420,155900,5,6
0,0,0,0,0,0,0,0,990,990,990,1,5,0,1,299,126000,5,5
0,0,0,0,1,0,0,0,1258,1258,1258,2,5,0,2,528,145000,7,6
0,0,2,0,0,0,0,0,1040,1040,1040,1,5,0,1,308,133000,5,5
0,0,0,0,0,0,0,0,1459,1459,1459,2,6,1,2,527,192000,5,7
0,0,0,0,0,0,0,1,1251,1251,1251,1,6,2,1,461,160000,6,6
0,0,2,0,0,0,0,0,691,691,1498,2,6,1,2,409,187500,5,6
0,0,0,0,0,0,0,0,936,996,996,1,5,0,2,564,147000,6,6
1,0,0,0,0,0,0,0,546,546,1092,1,6,0,1,286,83500,5,4
3,0,0,0,0,0,0,0,1082,1082,1953,2,9,1,3,1043,252000,5,8
1,0,0,0,0,0,0,0,970,970,1709,2,7,0,2,380,137500,5,7
3,0,0,0,0,0,0,0,1247,1247,1247,1,4,1,2,550,197000,5,8
0,0,2,0,0,3,0,0,0,1040,1040,2,6,0,2,400,92900,4,3
3,0,0,0,0,0,0,0,600,624,1252,2,4,0,2,462,160000,5,7
0,0,0,0,0,0,0,0,1181,1390,1694,2,7,1,2,576,136500,5,6
0,0,2,0,0,0,0,0,864,1200,1200,1,6,0,2,884,146000,8,5
0,0,0,0,0,0,0,0,936,936,936,1,4,0,1,308,129000,7,5
0,0,0,0,0,0,0,0,1314,1314,1314,2,6,1,2,440,176432,5,6
1,0,0,0,0,0,0,0,684,773,1355,1,7,0,0,0,127000,7,6
0,0,0,0,0,0,0,0,1074,1088,1088,1,5,0,2,461,170000,5,8
1,0,0,0,0,0,0,0,672,757,1324,1,6,0,1,240,128000,6,4
0,0,0,0,0,0,0,0,1271,1601,1601,2,7,1,2,478,157000,5,7
0,0,0,0,0,0,0,0,290,438,438,1,3,0,1,246,60000,5,2
0,0,0,0,0,0,0,0,950,950,950,1,5,0,1,280,119500,5,5
0,0,0,0,0,0,0,0,1010,1134,1134,1,6,0,1,254,135000,7,5
0,0,2,0,0,0,0,0,655,1194,1194,1,6,1,2,539,159500,6,6
1,0,0,0,0,0,0,0,630,630,1302,2,6,0,2,440,106000,5,5
0,0,2,0,0,0,0,0,1463,1500,2622,2,9,2,2,712,325000,5,8
0,0,2,0,0,0,0,0,910,1442,1442,2,6,1,2,719,179900,5,7
0,0,3,0,0,0,0,0,868,887,2021,2,9,1,2,422,274725,5,7
0,0,0,0,0,0,0,0,924,948,1690,2,7,1,2,463,181000,5,6
0,0,0,0,0,0,0,0,1836,1836,1836,2,7,1,3,862,280000,5,8
0,0,0,0,0,0,0,0,773,773,1658,2,8,1,2,431,188000,5,6
0,0,0,0,0,0,0,0,803,1098,1964,2,8,1,2,483,205000,6,7
0,0,2,0,0,0,0,0,816,816,816,1,5,0,1,308,129900,7,5
0,0,0,0,0,0,0,0,1008,1008,1008,1,6,0,1,240,134500,7,5
0,0,0,0,1,0,0,0,833,833,833,1,4,0,1,326,117000,7,5
0,0,0,0,0,0,0,0,1734,1734,1734,2,7,1,3,928,318000,5,8
0,0,0,0,0,0,0,0,408,779,1419,2,7,1,2,527,184100,5,8
0,0,1,0,0,0,0,0,894,894,894,1,5,0,2,450,130000,7,5
0,0,0,0,1,0,0,0,533,1021,1601,1,6,0,1,300,140000,6,5
0,0,0,0,0,0,0,0,1040,1040,1040,1,6,0,1,286,133700,5,5
1,0,0,1,0,0,0,0,1012,1012,1012,1,6,1,1,308,118400,5,6
0,0,0,0,0,0,0,0,1552,1552,1552,2,7,0,3,782,212900,5,7
0,0,2,0,0,0,0,0,672,960,960,1,5,0,1,288,112000,3,4
0,0,0,0,4,0,0,0,698,698,698,1,4,0,0,0,118000,9,5
0,0,0,0,0,0,0,0,384,812,1482,2,7,1,2,392,163900,5,7
0,0,0,0,0,0,0,0,1005,1005,1005,1,5,1,2,672,115000,5,4
0,0,0,0,0,0,0,0,1373,1555,1555,2,7,1,3,660,174000,5,7
0,0,2,0,0,0,0,0,1530,1530,1530,2,7,1,3,630,259000,5,7
0,0,0,0,0,0,0,0,847,847,1959,2,8,1,2,434,215000,5,7
1,0,0,0,0,0,0,0,936,936,936,1,4,0,2,672,140000,5,5
0,0,0,0,0,0,0,0,1122,1328,1981,2,7,2,2,576,135000,3,4
0,0,0,0,0,0,0,0,974,974,974,1,5,0,0,0,93500,5,5
1,0,0,0,0,1,0,0,1008,1178,2210,2,8,0,1,205,117500,4,6
0,0,0,0,0,0,0,0,1128,1142,2020,2,8,1,2,466,239500,5,8
0,0,0,0,0,0,0,0,916,916,1600,2,7,1,2,460,169000,5,6
1,0,2,0,0,0,0,0,960,986,986,1,5,1,1,180,102000,5,6
0,0,0,0,0,0,0,0,1032,1032,1252,1,6,0,1,288,119000,5,6
0,0,0,0,1,0,0,0,780,780,1020,1,6,0,0,0,94000,8,5
0,0,0,1,0,0,0,0,1567,1567,1567,2,5,2,2,714,196000,5,6
0,0,0,0,2,0,0,0,915,1167,1167,1,6,1,2,495,144000,5,5
0,0,2,0,0,0,0,0,952,952,952,1,4,0,2,840,139000,7,5
0,0,3,0,1,0,0,0,780,1088,1868,2,9,1,2,484,197500,7,5
0,0,0,0,0,0,0,0,1466,1466,2828,3,11,1,3,1052,424870,5,8
0,0,0,0,0,0,0,0,1006,1006,1006,1,5,0,0,0,80000,3,5
0,0,0,0,2,2,0,0,672,672,924,1,5,0,1,280,80000,4,4
1,0,0,0,0,0,0,0,1042,1042,1576,1,8,1,1,225,149000,6,5
0,0,0,0,0,0,0,0,1298,1298,1298,2,5,1,2,403,180000,5,6
0,0,0,0,0,0,0,0,704,860,1564,1,7,1,1,234,174500,7,7
1,0,0,0,0,0,0,0,572,572,1111,1,5,1,1,288,116900,7,7
1,0,0,0,1,0,0,0,650,832,1482,1,7,0,2,324,143000,9,7
0,0,0,0,0,0,0,0,932,932,932,1,4,1,1,306,124000,5,6
0,0,0,0,0,0,0,0,1466,1466,1466,1,6,2,2,528,149900,4,5
0,0,0,0,0,0,0,0,1073,1811,1811,1,6,1,2,470,230000,7,6
1,0,2,0,1,0,0,0,816,816,816,1,5,0,1,432,120500,8,6
0,0,0,0,0,0,0,0,864,902,1820,1,8,2,2,492,201800,6,7
0,0,2,0,1,0,0,0,1437,1437,1437,2,6,1,2,528,218000,8,5
0,0,0,0,1,0,0,0,1219,1265,1265,2,6,1,2,502,179900,8,5
0,0,0,0,0,0,0,0,1314,1314,1314,2,6,1,2,626,230000,5,7
0,0,1,0,0,0,0,0,1580,1580,1580,2,7,0,3,830,235128,5,8
0,0,0,0,0,0,0,0,901,943,1876,2,8,1,2,540,185000,6,6
0,0,0,0,0,0,0,0,855,855,1456,2,7,1,2,440,146000,5,6
0,0,3,0,0,0,0,0,1296,1640,1640,1,7,1,2,924,224000,7,6
0,0,0,0,0,0,0,0,894,894,894,1,5,1,2,450,129000,5,5
0,0,0,0,0,0,0,0,1198,1258,1258,0,6,0,2,400,108959,4,4
0,0,1,0,0,0,0,0,1360,1432,1432,1,5,1,2,588,194000,7,5
0,0,0,0,0,0,0,0,1502,1502,1502,2,7,0,2,644,233170,5,7
0,0,2,0,0,0,0,0,1694,1694,1694,2,7,0,3,776,245350,5,8
0,0,0,0,0,0,0,0,959,959,1671,2,7,1,2,472,173000,5,6
0,0,2,0,0,0,0,0,1127,1236,2108,2,7,2,2,540,235000,7,6
0,0,3,0,1,0,0,0,1930,1831,3627,3,10,1,3,807,625000,5,10
0,0,0,0,0,0,3,0,1096,1118,1118,1,6,1,1,358,171000,6,6
0,0,0,0,0,0,0,1,1261,1261,1261,1,6,1,2,433,163000,6,6
3,0,0,0,0,0,0,0,625,625,1250,2,5,0,2,625,171900,5,7
0,0,0,0,0,0,0,0,1598,1636,3086,3,12,1,0,0,200500,6,5
0,0,0,0,0,0,0,0,952,1170,2345,2,9,1,2,360,239000,8,6
0,0,0,0,0,0,0,0,1683,2129,2872,2,9,1,2,541,285000,5,8
0,0,3,0,0,0,0,0,876,923,923,1,5,0,1,264,119500,5,5
1,0,0,0,0,0,0,0,818,818,1224,1,5,0,1,210,115000,8,6
0,0,1,0,0,0,0,0,731,820,1343,1,7,1,1,186,154900,6,5
0,0,2,0,0,0,0,0,0,1124,1124,1,5,1,0,0,93000,5,5
0,0,2,0,0,0,0,0,1216,1298,2514,2,8,0,2,693,250000,5,7
1,0,0,1,0,0,0,0,1600,1652,1652,2,5,1,2,482,392500,5,8
0,0,2,0,0,0,1,0,2396,2411,4476,3,10,2,3,813,745000,5,10
0,0,0,0,0,0,0,0,1120,1130,1130,1,5,1,2,720,120000,6,5
0,0,0,1,0,0,0,0,1572,1572,1572,1,5,2,3,995,186700,4,5
0,0,0,0,1,0,0,0,784,949,1221,1,7,0,1,392,104900,7,5
0,0,2,1,0,0,0,0,978,1014,1699,2,7,0,2,420,95000,5,3
0,0,2,0,0,0,0,0,1624,1624,1624,2,5,1,3,757,262000,5,8
0,0,0,0,0,0,0,0,831,831,1660,2,7,0,2,493,195000,5,7
0,0,0,0,0,0,0,0,994,1028,1804,2,7,1,2,442,189000,5,7
0,0,0,1,1,0,0,0,1249,1622,1622,1,7,1,4,1356,168000,4,4
3,0,0,0,0,0,0,0,776,764,1441,2,5,0,2,492,174000,5,8
1,0,0,0,0,0,0,0,702,842,1472,1,6,0,1,250,125000,8,5
1,0,1,0,0,0,0,0,1224,1224,1224,2,5,0,2,402,165000,5,6
0,0,2,0,0,0,0,0,663,663,1352,1,7,0,1,299,158000,7,6
0,0,0,0,0,0,0,0,728,728,1456,2,8,0,2,400,176000,5,6
0,0,0,0,0,0,0,0,879,879,1863,2,9,1,3,660,219210,5,7
1,0,2,0,0,0,0,0,815,815,1690,1,7,1,1,225,144000,6,7
0,0,0,0,0,0,0,0,1212,1212,1212,2,6,0,2,573,178000,5,7
0,0,0,0,0,0,0,0,1051,1382,1382,1,6,1,2,459,148000,5,4
0,0,0,0,0,0,0,1,864,864,864,1,5,0,1,280,116050,5,4
0,0,2,0,0,0,0,0,866,866,1779,2,6,0,2,546,197900,5,7
1,0,2,0,0,0,0,0,884,884,1348,1,5,1,1,216,117000,8,5
0,0,0,0,0,0,0,0,1630,1630,1630,2,6,1,2,451,213000,5,7
0,0,0,0,0,0,0,0,1056,1074,1074,1,6,0,2,495,153500,6,5
0,0,3,0,0,0,0,0,2158,2196,2196,2,7,1,3,701,271900,7,7
4,0,0,0,0,0,0,0,1056,1056,1056,1,5,0,1,384,107000,4,4
0,0,0,0,0,0,0,0,1682,1700,1700,2,7,0,2,544,200000,5,6
0,0,0,0,1,0,0,0,931,1283,1283,1,6,0,2,506,140000,7,5
0,0,3,0,0,0,0,0,1660,1660,1660,2,8,1,2,500,290000,5,8
0,0,0,0,0,0,0,1,1055,1055,1845,2,8,1,2,462,189000,5,6
0,0,0,1,0,0,0,0,559,1080,1752,2,8,0,2,492,164000,7,8
0,0,0,0,0,0,0,0,672,672,672,1,4,0,1,234,113000,6,4
0,0,3,0,1,0,0,0,648,960,960,0,3,0,1,364,145000,9,4
0,0,0,0,0,0,0,0,925,999,999,1,6,0,1,300,134500,5,5
0,0,0,0,0,0,0,0,894,894,894,1,5,0,1,384,125000,5,5
1,0,0,0,0,0,0,0,0,1318,1902,2,8,0,2,539,112000,5,6
3,0,0,0,0,0,0,0,1300,1314,1314,2,6,0,2,552,229456,5,8
1,0,0,0,0,0,0,0,0,672,912,1,3,0,0,0,80500,5,4
1,0,0,0,0,0,0,0,672,672,1218,1,7,0,0,0,91500,5,6
0,0,0,0,0,0,0,0,912,912,912,1,5,0,1,288,115000,5,5
0,0,0,0,0,0,0,0,952,1211,1211,1,5,1,1,322,134000,5,5
0,0,0,0,0,0,0,0,1040,1168,1846,2,7,1,1,315,143000,6,6
0,0,0,0,0,0,0,0,2136,2136,2136,2,7,0,2,528,137900,3,5
0,0,0,0,0,0,0,0,788,788,1490,2,8,1,2,388,184000,5,7
0,0,0,0,1,0,0,0,588,1138,1138,1,6,0,1,264,145000,8,6
0,0,3,0,0,0,0,0,894,894,1933,2,9,1,3,668,214000,5,6
0,0,2,0,0,0,0,0,912,912,912,1,5,0,2,576,147000,8,5
0,0,2,0,0,0,0,0,1702,1702,1702,1,7,1,3,1052,367294,5,9
0,0,0,0,0,0,0,0,1075,1507,1507,2,7,0,1,404,127000,5,5
0,0,0,0,0,0,0,2,1361,1361,2620,2,12,1,2,600,190000,5,5
0,0,0,0,0,0,0,0,1106,1190,1190,1,6,0,2,540,132500,6,5
0,0,1,0,0,0,0,0,0,1224,1224,2,6,0,2,462,101800,5,4
0,0,0,0,0,0,0,0,1188,1188,1188,1,6,0,2,531,142000,5,5
4,0,0,0,0,0,0,0,940,1024,1964,1,7,0,0,0,130000,6,5
0,0,0,0,0,0,0,0,747,892,1784,1,9,0,1,180,138887,5,5
0,0,0,0,0,0,0,0,764,764,1626,2,6,0,2,474,175500,5,7
0,0,1,0,0,0,0,0,847,847,1948,2,8,1,2,434,195000,5,7
0,0,0,0,0,0,0,0,1141,1141,1141,1,6,0,2,484,142500,5,6
0,0,0,0,0,0,0,0,1476,1484,1484,2,6,1,2,472,265900,5,8
0,0,0,0,0,0,0,0,884,884,1768,2,8,0,2,543,224900,5,7
0,0,0,0,0,0,0,0,1689,1689,1689,2,7,0,3,954,248328,6,7
0,0,0,0,0,0,0,0,1053,1173,1173,2,6,2,2,528,170000,6,7
0,0,0,0,0,0,0,0,2076,2076,2076,2,7,1,3,850,465000,5,10
0,0,2,1,0,0,0,0,792,792,1517,1,7,2,2,400,230000,7,8
0,0,0,0,0,0,0,0,585,1140,1868,3,7,1,2,477,178000,7,6
3,0,0,0,0,0,0,0,756,756,1553,2,6,0,2,615,186500,5,7
0,0,0,0,0,0,0,0,1012,1034,1034,1,6,0,3,888,169900,5,6
1,0,0,0,0,4,0,0,735,1134,2058,1,8,1,2,396,129500,5,6
0,0,0,0,0,0,0,0,876,988,988,1,6,0,1,276,119000,7,5
0,0,2,0,0,0,0,0,2110,2110,2110,2,8,2,2,522,244000,5,7
0,0,2,0,0,0,0,0,1405,1405,1405,2,6,1,2,478,171750,5,7
0,0,0,0,0,0,0,1,864,874,874,1,5,0,1,288,130000,6,5
0,0,0,0,0,0,0,0,1192,1516,2167,2,9,2,2,518,294000,7,7
0,0,0,0,0,0,0,0,746,760,1656,2,7,1,2,397,165400,5,7
1,0,0,0,0,0,0,0,884,959,1367,1,6,1,1,560,127500,6,6
0,0,2,0,0,0,0,0,1986,1987,1987,2,7,1,2,691,301500,5,8
0,0,2,0,0,0,0,0,864,864,864,1,4,0,0,0,99900,8,5
0,0,0,0,0,0,0,0,856,1166,1166,2,5,0,2,400,190000,5,7
0,0,1,0,0,0,0,0,1054,1054,1054,1,6,0,2,460,151000,8,6
0,0,3,0,0,0,0,0,841,892,1675,2,7,1,2,502,181000,5,6
0,0,0,0,0,0,0,0,1050,1050,1050,1,5,0,1,338,128900,6,5
0,0,0,0,0,0,0,0,1104,1104,1788,1,8,2,1,304,161500,5,4
0,0,0,0,0,0,0,0,764,1060,1824,1,8,1,2,520,180500,6,6
4,0,0,0,0,0,0,0,1405,1337,1337,2,5,0,2,511,181000,5,6
3,0,4,0,0,0,0,0,691,713,1452,2,6,0,2,506,183900,5,7
1,0,0,0,0,0,0,0,925,964,1889,1,9,1,1,308,122000,4,7
0,0,0,0,0,0,0,0,2002,2018,2018,2,10,1,3,746,378500,5,9
0,0,0,1,1,0,0,0,728,1968,3447,3,11,2,3,1014,381000,9,8
0,0,0,0,0,1,0,0,874,874,1524,1,7,0,1,315,144000,5,5
0,0,0,2,0,0,0,0,1332,1332,1524,0,4,1,2,586,260000,6,7
0,0,0,0,0,0,0,0,1489,1489,1489,2,7,1,2,462,185750,7,6
0,0,3,0,0,0,0,0,935,935,935,1,5,0,1,288,137000,6,5
0,0,2,0,0,0,0,0,1019,1357,1357,1,5,1,1,312,177000,7,6
0,0,2,0,0,0,0,0,661,661,1250,2,8,1,2,552,139000,6,5
0,0,2,0,0,0,0,0,928,928,1920,2,10,0,2,400,137000,5,5
0,0,3,0,0,0,0,0,723,735,1395,1,6,1,2,497,162000,6,6
0,0,3,0,0,0,0,0,1680,1724,1724,1,7,1,2,480,197900,5,6
0,0,0,0,0,0,0,0,1128,1128,2031,2,7,1,2,577,237000,5,8
2,0,0,0,1,0,0,0,698,698,1128,1,6,0,2,528,68400,4,4
0,0,0,0,0,0,0,0,1573,1573,1573,2,6,0,2,544,227000,5,7
0,0,3,0,0,0,0,0,1309,1339,1339,2,6,1,2,484,180000,5,7
0,0,0,0,0,0,0,0,1040,1040,1040,2,5,0,2,484,150500,7,5
0,0,2,0,0,0,0,0,912,912,1824,2,8,0,0,0,139000,5,6
0,0,0,0,0,0,0,0,804,1699,2447,2,10,1,1,336,169000,7,6
1,0,0,0,2,0,0,0,780,825,1412,1,6,1,1,280,132500,6,6
0,0,0,0,0,0,0,0,1328,1328,1328,1,6,2,2,528,143000,5,6
0,0,0,1,1,0,0,0,1624,1582,1582,2,7,0,2,390,190000,5,5
0,0,0,0,0,0,0,0,1501,1659,1659,2,5,1,2,499,278000,5,8
0,0,0,0,0,0,0,0,1085,1120,1970,2,8,1,3,753,281000,5,8
0,0,2,0,0,0,0,0,1152,1152,1152,1,6,1,2,484,180500,7,5
1,0,0,0,0,0,0,0,630,630,1302,2,6,0,1,264,119500,7,5
1,0,2,0,0,0,0,0,994,1378,2372,2,11,0,1,432,107500,4,5
0,0,0,0,0,0,0,0,832,832,1664,2,8,1,2,528,162900,5,7
0,0,0,0,0,0,0,0,864,864,864,1,5,0,2,572,115000,7,5
0,0,0,0,0,0,0,0,1052,1052,1052,1,5,0,1,288,138500,5,5
0,0,0,0,1,0,0,0,1120,1128,1128,2,6,0,2,525,155000,6,5
1,0,0,0,0,0,0,0,547,1072,1072,2,5,0,2,525,140000,5,6
0,0,2,0,0,0,3,0,6110,4692,5642,2,12,3,2,1418,160000,5,10
0,0,0,0,0,0,0,0,1246,1246,1246,1,6,0,1,305,154000,7,5
0,0,3,0,0,0,0,0,978,1005,1983,2,9,1,2,490,225000,5,7
0,0,0,0,0,0,0,0,771,753,1494,1,7,2,1,213,177500,7,6
0,0,0,0,0,0,0,0,1165,1203,2526,2,8,1,3,844,290000,5,8
0,0,0,0,0,0,0,0,1616,1616,1616,2,7,0,3,834,232000,5,7
1,0,0,0,0,0,0,0,976,976,1708,2,7,0,2,380,130000,5,7
0,0,2,0,0,0,0,0,1652,1652,1652,2,6,2,2,840,325000,5,9
0,0,0,0,0,0,0,0,1368,1368,1368,2,6,1,2,474,202500,5,7
0,0,0,0,1,0,0,0,990,990,990,1,5,0,2,480,138000,5,5
1,0,0,0,0,0,0,0,924,1122,1122,1,6,0,2,528,147000,7,5
0,0,0,0,0,0,0,0,1278,1294,1294,2,6,0,2,496,179200,5,6
0,0,0,0,1,0,0,0,1902,1902,1902,2,7,2,2,567,335000,8,7
0,0,0,0,0,0,0,0,1274,1274,1274,2,6,0,2,508,203000,5,7
0,0,0,0,0,0,0,0,1453,1453,2810,2,9,1,2,750,302000,5,8
0,0,2,0,0,0,0,0,1393,1422,2599,2,10,1,3,779,333168,5,9
0,0,0,0,0,0,0,0,948,948,948,1,5,1,1,280,119000,6,4
0,0,0,0,0,0,0,0,952,1092,2112,2,9,2,2,576,206900,5,6
0,0,0,0,0,0,0,0,1622,1630,1630,2,8,1,3,860,295493,5,8
3,0,2,0,0,0,0,0,1352,1352,1352,2,5,1,2,466,208900,5,7
0,0,3,0,0,0,0,0,1753,1787,1787,2,7,1,3,748,275000,5,8
0,0,0,0,0,0,0,0,864,948,948,1,5,0,1,248,111000,5,4
0,0,0,0,0,0,0,0,1478,1478,1478,1,6,2,2,442,156500,3,6
0,0,2,0,0,5,0,0,0,720,720,1,4,0,1,287,72500,6,3
0,0,0,0,0,0,0,0,750,1061,1923,2,8,1,2,564,190000,5,7
0,0,0,0,0,0,0,0,420,708,708,1,5,0,0,0,82500,7,4
0,0,0,0,0,0,0,0,1795,1795,1795,2,7,1,3,895,147000,5,8
1,0,0,0,0,0,0,0,796,796,796,1,5,0,0,0,55000,4,4
4,0,0,1,0,0,0,0,544,774,774,1,6,0,0,0,79000,6,3
0,0,0,0,1,0,0,0,816,816,816,1,5,1,1,264,130500,9,5
1,0,2,0,1,1,0,1,1510,1584,2792,2,8,2,2,520,256000,7,6
0,0,0,0,0,0,0,0,935,955,1632,2,8,1,2,462,176500,5,7
0,0,0,0,0,0,0,0,1588,1588,1588,2,7,1,3,825,227000,5,8
0,0,0,0,0,0,0,0,911,954,954,1,6,0,2,576,132500,5,5
0,0,0,1,0,0,0,0,816,816,816,1,3,1,1,288,100000,6,4
1,0,2,0,0,0,0,0,803,803,1360,1,6,0,1,297,125500,6,5
1,0,0,0,0,0,0,0,765,765,1365,1,7,0,2,440,125000,6,5
0,0,0,0,0,0,0,0,1350,1334,1334,2,6,1,2,630,167900,5,6
0,0,0,0,0,0,0,0,1656,1656,1656,2,8,0,2,506,135000,5,5
1,0,2,1,0,2,0,0,693,693,693,1,4,0,0,0,52500,4,4
0,0,2,0,0,0,0,0,916,920,1861,2,8,0,2,492,200000,5,7
0,0,2,0,1,0,0,0,864,864,864,1,5,0,1,288,128500,7,5
0,0,0,0,0,0,0,0,858,872,872,1,5,0,4,480,123000,5,4
0,0,0,0,0,0,0,0,1114,1114,1114,1,6,0,2,576,155000,5,6
0,0,0,0,0,0,0,0,1284,1284,2169,2,7,1,2,647,228500,5,8
0,0,0,0,0,0,0,0,896,1172,1913,1,9,1,2,342,177000,6,6
0,0,2,0,0,0,0,0,728,728,1456,2,8,1,2,440,155835,5,7
1,0,0,0,0,0,0,0,960,960,960,1,5,0,1,308,108500,4,4
0,0,3,0,0,0,0,0,1568,2156,2156,2,9,1,2,508,262500,7,7
0,0,2,0,0,0,0,0,1732,1776,1776,2,7,1,3,712,283463,5,8
0,0,0,0,0,0,0,0,1482,1494,1494,2,5,1,2,514,215000,5,7
1,0,0,0,1,4,0,0,684,938,2358,2,8,0,0,0,122000,5,8
0,0,0,0,0,0,0,0,1248,1338,2634,2,12,0,4,968,200000,5,5
0,0,0,0,0,0,0,0,858,858,1716,1,8,1,2,490,171000,6,6
1,0,0,0,0,0,0,0,698,786,1176,1,4,0,2,624,134900,9,6
0,0,3,0,0,0,0,0,2033,2053,3238,2,9,1,3,666,410000,5,8
0,0,0,0,0,0,0,0,992,992,1865,2,7,1,3,839,235000,5,7
0,0,0,0,0,0,0,0,570,1222,1920,3,8,1,2,487,170000,6,7
0,0,2,0,0,0,0,0,864,892,892,1,5,0,1,264,110000,5,5
0,0,3,0,0,0,0,0,1078,1078,1078,1,6,1,2,500,149900,6,5
3,0,0,0,0,0,0,0,756,769,1573,2,5,0,2,440,177500,5,6
0,0,4,0,0,0,0,0,1980,1980,1980,2,8,1,3,770,315000,5,9
0,0,0,0,0,0,0,0,612,990,2601,3,8,0,2,621,189000,6,5
0,0,0,1,0,0,0,0,1530,1530,1530,2,7,1,2,430,260000,5,7
0,0,1,0,1,0,0,0,715,1281,1738,2,7,1,1,368,104900,4,4
0,0,0,0,0,0,0,0,616,616,1412,2,6,1,2,432,156932,5,6
3,0,0,0,0,0,0,0,600,520,1200,2,4,0,2,480,144152,5,7
3,0,0,0,0,0,0,0,814,814,1674,2,7,0,2,663,216000,5,7
0,0,0,0,0,0,0,0,873,882,1790,2,7,0,2,588,193000,5,7
1,0,0,0,0,0,0,0,757,925,1475,2,6,1,1,336,127000,6,5
1,0,0,0,0,0,0,0,848,848,848,1,4,0,2,420,144000,5,6
0,0,1,0,0,0,0,0,1657,1668,1668,2,8,1,2,502,232000,5,8
0,0,2,0,0,0,0,0,840,840,1374,1,6,0,1,338,105000,6,4
0,0,0,0,0,0,0,0,992,1661,1661,1,8,1,1,377,165500,6,6
0,0,2,0,0,0,0,0,1108,1108,2097,2,8,1,2,583,274300,6,7
0,0,0,0,0,0,0,0,2633,2633,2633,2,8,2,3,804,466500,5,10
3,0,0,0,0,0,0,0,1026,1026,1958,2,9,1,3,936,250000,5,7
0,0,0,0,0,0,0,0,1571,1571,1571,2,7,1,3,722,239000,5,8
0,0,0,0,0,0,0,0,768,790,790,1,4,0,1,160,91000,5,6
0,0,0,0,0,0,0,0,984,984,1604,2,6,0,2,660,117000,5,5
1,0,0,0,0,0,0,0,483,483,987,1,5,0,1,264,83000,5,6
0,0,0,0,0,0,0,0,384,754,1394,2,7,0,2,400,167500,5,5
0,0,0,0,2,0,0,0,864,864,864,1,5,0,1,200,58500,3,3
0,0,2,0,0,0,0,0,1205,2117,2117,2,7,2,2,550,237500,7,6
1,0,2,0,0,0,0,0,596,998,1762,1,8,0,2,576,157000,7,7
0,0,0,0,1,0,0,0,816,1416,1416,2,7,0,2,576,112000,7,5
0,0,0,0,0,0,0,0,560,698,1258,1,6,0,1,280,105000,5,6
1,0,0,0,1,0,0,0,796,796,1154,1,7,0,1,240,125500,8,4
0,0,0,0,0,0,2,4,1392,1392,2784,3,12,2,2,564,250000,5,7
1,0,0,0,1,1,0,0,714,1664,2526,2,10,1,1,216,136000,7,6
0,0,3,0,0,0,0,0,1746,1746,1746,2,7,2,3,758,377500,5,9
1,0,0,0,1,0,0,0,735,869,1218,1,6,1,2,440,131000,6,6
0,0,0,0,0,0,0,0,1525,1525,1525,2,6,0,2,541,235000,5,7
0,0,0,0,0,0,0,0,1584,1584,1584,2,8,0,3,792,124000,5,5
0,0,0,0,0,0,0,0,864,900,900,1,6,1,1,288,123000,5,5
1,0,0,0,0,0,0,0,482,1221,1912,2,7,1,2,672,163000,7,6
0,0,0,0,0,0,0,0,1356,1500,1500,2,6,1,3,648,246578,5,7
0,0,0,0,0,0,0,0,1094,1133,2482,2,9,1,3,642,281213,5,8
0,0,0,2,0,0,0,0,747,1687,1687,1,7,2,2,572,160000,5,5
1,0,0,0,0,0,0,0,939,939,1513,1,8,0,1,180,137500,8,5
0,0,0,0,0,0,0,0,1208,1136,1904,1,7,0,1,240,138000,4,5
0,0,0,0,0,0,0,0,976,1160,1608,2,7,1,1,216,137450,6,6
1,0,2,0,0,0,0,0,862,950,1158,1,5,1,1,208,120000,7,6
0,0,0,0,0,0,0,0,839,864,1593,2,8,1,2,398,193000,5,6
0,0,0,0,0,0,0,0,1286,1294,1294,2,6,1,2,662,193879,5,7
0,0,3,0,0,0,0,0,1485,1464,1464,2,6,0,3,754,282922,5,8
0,0,2,0,0,0,0,0,672,694,1214,1,6,0,3,936,105000,4,3
1,0,0,1,0,0,0,0,1594,1646,1646,2,5,1,2,482,275000,5,8
0,0,2,0,0,0,0,0,768,768,768,1,5,0,2,396,133000,7,5
0,0,2,0,0,0,0,0,833,833,833,1,5,0,0,0,112000,5,5
1,0,0,0,0,0,0,0,622,741,1363,1,6,0,2,528,125500,7,4
0,0,3,0,1,0,0,0,791,1236,2093,2,7,1,2,542,215000,6,7
0,0,0,0,0,0,0,0,944,944,1840,2,6,0,2,622,230000,5,7
0,0,0,0,1,0,0,0,856,1112,1668,1,6,0,1,271,140000,8,6
0,0,0,0,0,3,0,0,0,1040,1040,2,6,0,2,420,90000,5,4
0,0,2,0,0,0,0,0,1844,1844,1844,2,7,1,2,620,257000,5,8
0,0,0,0,0,0,0,0,833,1053,1848,1,8,1,2,370,207000,7,6
0,0,0,0,0,0,0,0,1386,1569,1569,2,7,1,3,660,175900,5,7
1,0,0,0,0,0,0,0,777,1246,2290,2,11,0,2,560,122500,6,4
0,0,0,0,0,0,0,0,1284,1310,2450,2,7,1,3,1069,340000,5,8
0,0,0,0,0,0,0,0,1144,1144,1144,1,6,0,1,336,124000,5,5
0,0,0,0,1,0,0,0,1844,1844,1844,2,7,1,2,540,223000,5,6
0,0,2,0,0,0,0,0,708,708,1416,2,7,1,2,776,179900,6,6
0,0,0,0,0,0,0,0,1069,1069,1069,2,4,1,2,440,127500,5,6
1,0,0,0,0,0,0,0,848,848,848,1,3,0,2,420,136500,5,6
0,0,3,0,1,0,3,0,697,1575,2201,2,8,1,2,432,274970,7,6
0,0,0,0,0,0,0,0,1024,1344,1344,1,6,1,1,484,144000,5,5
0,0,0,0,0,0,0,0,1252,1252,1252,1,7,0,2,528,142000,6,6
0,0,0,0,0,0,0,0,1223,1223,2127,2,5,2,2,525,271000,5,7
0,0,0,0,0,0,0,0,913,1048,1558,1,6,1,1,288,140000,6,5
1,0,2,0,1,0,0,0,788,804,804,1,4,2,1,240,119000,7,5
0,0,2,0,1,0,0,0,1440,1440,1440,2,7,1,2,467,182900,7,6
0,0,0,0,0,0,0,0,732,734,1838,2,7,1,2,372,192140,5,5
0,0,0,0,0,0,0,0,958,958,958,2,5,0,2,440,143750,6,6
0,0,0,0,0,0,0,0,656,968,968,2,5,0,1,216,64500,6,4
0,0,0,0,0,0,0,0,936,962,1792,2,8,1,2,451,186500,5,6
0,0,0,1,0,0,0,0,1126,1126,1126,2,5,1,2,484,160000,5,5
0,0,0,0,1,0,0,0,1319,1537,1537,1,7,1,2,462,174000,9,6
0,0,1,0,0,0,0,0,864,864,864,1,5,0,2,528,120500,6,4
0,0,1,0,0,0,0,0,1932,1932,1932,2,7,1,3,774,394617,5,8
1,0,0,0,0,0,0,0,912,1236,1236,1,6,0,2,923,149700,7,6
0,0,0,0,0,0,0,0,539,1040,1725,2,6,1,2,550,197000,6,7
0,0,0,1,0,0,0,0,588,1423,2555,2,11,1,2,672,191000,7,6
1,0,0,0,0,0,0,0,848,848,848,1,3,1,2,420,149300,5,6
3,0,0,0,0,0,0,0,1017,1026,2007,2,10,1,3,812,310000,5,10
0,0,0,0,0,2,0,0,952,952,952,1,4,1,1,192,121000,6,6
0,0,1,0,0,0,0,0,1422,1422,1422,2,7,0,2,626,179600,5,7
0,0,0,0,0,0,0,0,814,913,913,1,6,0,1,240,129000,5,6
0,0,3,0,0,0,0,0,1188,1188,1188,1,6,0,1,312,157900,7,5
0,0,0,0,0,0,0,0,1220,1220,2090,2,8,1,2,556,240000,5,8
0,0,0,0,0,0,0,0,560,796,1346,1,6,0,1,384,112000,7,4
1,0,0,0,0,0,0,0,630,630,630,1,3,0,0,0,92000,7,5
0,0,1,0,0,0,0,0,896,896,1792,2,8,0,0,0,136000,5,5
0,0,0,0,0,0,0,0,1573,1578,1578,2,7,1,3,840,287090,5,8
1,0,0,0,0,0,0,0,547,1072,1072,1,5,0,2,525,145000,5,5
0,0,0,0,0,0,0,0,1140,1140,1140,1,6,0,0,0,84500,5,5
3,0,0,0,0,0,0,0,1221,1221,1221,2,6,0,2,400,185000,5,7
0,0,0,0,0,0,0,0,953,953,1647,2,7,1,2,460,175000,5,6
0,0,0,0,0,0,0,0,1542,2073,2073,2,7,2,2,500,210000,6,6
0,0,0,0,1,0,0,1,1152,1188,2340,2,9,2,1,252,266500,9,7
0,0,0,0,0,0,0,0,1078,1078,1078,1,5,0,1,240,142125,6,5
0,0,0,0,0,0,0,0,1256,1256,1256,1,6,0,1,276,147500,6,5
